Excluded,Comments,participant_id,Session,Dataset,Rodent.strain,Sex,Weight,Age(days),MRI,Coil,fMRI.sequence,MRI T.E.(ms),MRI T.R.(s),Anethesia,,,,,,,,,,,,,,,,,,,,,,,,
,,sub-COMR194c-PND30,,Longitudinal_in_vivo_MRI,,M,"18,61",31,,,,,,,,,,,,,,,,,,,,,,,,,,,,,,
,,sub-COMR194c-PND90,,Longitudinal_in_vivo_MRI,,M,"29,32",86,,,,,,,,,,,,,,,,,,,,,,,,,,,,,,
,,sub-COMR194f-PND30,,Longitudinal_in_vivo_MRI,,F,"16,99",31,,,,,,,,,,,,,,,,,,,,,,,,,,,,,,
,,sub-COMR194f-PND90,,Longitudinal_in_vivo_MRI,,F,"24,67",86,,,,,,,,,,,,,,,,,,,,,,,,,,,,,,
,,sub-COMR202d-PND30,,Longitudinal_in_vivo_MRI,,F,"16,85",30,,,,,,,,,,,,,,,,,,,,,,,,,,,,,,
,,sub-COMR202d-PND90,,Longitudinal_in_vivo_MRI,,F,"23,1",89,,,,,,,,,,,,,,,,,,,,,,,,,,,,,,
,,sub-COMR221c-PND30,,Longitudinal_in_vivo_MRI,,M,"19,62",31,,,,,,,,,,,,,,,,,,,,,,,,,,,,,,
,,sub-COMR221c-PND90,,Longitudinal_in_vivo_MRI,,M,"27,33",83,,,,,,,,,,,,,,,,,,,,,,,,,,,,,,
,,sub-COMR221f-PND30,,Longitudinal_in_vivo_MRI,,F,"15,77",31,,,,,,,,,,,,,,,,,,,,,,,,,,,,,,
,,sub-COMR221f-PND90,,Longitudinal_in_vivo_MRI,,F,"21,08",87,,,,,,,,,,,,,,,,,,,,,,,,,,,,,,
,,sub-COMR232a-PND30,,Longitudinal_in_vivo_MRI,,M,"17,78",31,,,,,,,,,,,,,,,,,,,,,,,,,,,,,,
,,sub-COMR232a-PND90,,Longitudinal_in_vivo_MRI,,M,"30,74",89,,,,,,,,,,,,,,,,,,,,,,,,,,,,,,
,,sub-COMR232b-PND30,,Longitudinal_in_vivo_MRI,,F,"16,67",30,,,,,,,,,,,,,,,,,,,,,,,,,,,,,,
,,sub-COMR232b-PND90,,Longitudinal_in_vivo_MRI,,F,"25,45",88,,,,,,,,,,,,,,,,,,,,,,,,,,,,,,
,,sub-COMR232f-PND30,,Longitudinal_in_vivo_MRI,,F,"15,37",30,,,,,,,,,,,,,,,,,,,,,,,,,,,,,,
,,sub-COMR232f-PND90,,Longitudinal_in_vivo_MRI,,F,"25,03",88,,,,,,,,,,,,,,,,,,,,,,,,,,,,,,
,,sub-COMR233a-PND30,,Longitudinal_in_vivo_MRI,,F,"14,27",29,,,,,,,,,,,,,,,,,,,,,,,,,,,,,,
,,sub-COMR233a-PND90,,Longitudinal_in_vivo_MRI,,F,"24,28",86,,,,,,,,,,,,,,,,,,,,,,,,,,,,,,
,,sub-COMR233f-PND30,,Longitudinal_in_vivo_MRI,,M,"17,68",29,,,,,,,,,,,,,,,,,,,,,,,,,,,,,,
,,sub-COMR233f-PND90,,Longitudinal_in_vivo_MRI,,M,"31,97",86,,,,,,,,,,,,,,,,,,,,,,,,,,,,,,
,,sub-COMR242d-PND30,,Longitudinal_in_vivo_MRI,,M,"13,1",27,,,,,,,,,,,,,,,,,,,,,,,,,,,,,,
,,sub-COMR242d-PND90,,Longitudinal_in_vivo_MRI,,M,"27,71",89,,,,,,,,,,,,,,,,,,,,,,,,,,,,,,
,,sub-COMR242i-PND30,,Longitudinal_in_vivo_MRI,,F,"10,45",27,,,,,,,,,,,,,,,,,,,,,,,,,,,,,,
y,,sub-COMR242i-PND90,,Longitudinal_in_vivo_MRI,,F,"21,49",84,,,,,,,,,,,,,,,,,,,,,,,,,,,,,,
,,sub-COMR291e-PND30,,Longitudinal_in_vivo_MRI,,F,"14,22",31,,,,,,,,,,,,,,,,,,,,,,,,,,,,,,
,,sub-COMR291e-PND90,,Longitudinal_in_vivo_MRI,,F,"21,39",88,,,,,,,,,,,,,,,,,,,,,,,,,,,,,,
,,sub-COMR291f-PND30,,Longitudinal_in_vivo_MRI,,F,"16,44",31,,,,,,,,,,,,,,,,,,,,,,,,,,,,,,
,,sub-COMR291f-PND90,,Longitudinal_in_vivo_MRI,,F,"24,07",88,,,,,,,,,,,,,,,,,,,,,,,,,,,,,,
,,sub-COMR291h-PND30,,Longitudinal_in_vivo_MRI,,F,"14,29",31,,,,,,,,,,,,,,,,,,,,,,,,,,,,,,
,,sub-COMR291h-PND90,,Longitudinal_in_vivo_MRI,,F,"20,85",88,,,,,,,,,,,,,,,,,,,,,,,,,,,,,,
,,sub-COMR301d-PND30,,Longitudinal_in_vivo_MRI,,F,"14,56",31,,,,,,,,,,,,,,,,,,,,,,,,,,,,,,
,,sub-COMR301d-PND90,,Longitudinal_in_vivo_MRI,,F,"21,76",89,,,,,,,,,,,,,,,,,,,,,,,,,,,,,,
,,sub-COMR301f-PND30,,Longitudinal_in_vivo_MRI,,M,"19,52",31,,,,,,,,,,,,,,,,,,,,,,,,,,,,,,
,,sub-COMR301f-PND90,,Longitudinal_in_vivo_MRI,,M,"30,82",90,,,,,,,,,,,,,,,,,,,,,,,,,,,,,,
,,sub-COMR321a-PND30,,Longitudinal_in_vivo_MRI,,M,"20,05",31,,,,,,,,,,,,,,,,,,,,,,,,,,,,,,
,,sub-COMR321a-PND90,,Longitudinal_in_vivo_MRI,,M,"29,5",89,,,,,,,,,,,,,,,,,,,,,,,,,,,,,,
,,sub-COMR331a-PND30,,Longitudinal_in_vivo_MRI,,M,"13,81",28,,,,,,,,,,,,,,,,,,,,,,,,,,,,,,
,,sub-COMR331a-PND90,,Longitudinal_in_vivo_MRI,,M,"29,26",91,,,,,,,,,,,,,,,,,,,,,,,,,,,,,,
,,sub-COMR331b-PND30,,Longitudinal_in_vivo_MRI,,M,"18,35",29,,,,,,,,,,,,,,,,,,,,,,,,,,,,,,
,,sub-COMR331b-PND90,,Longitudinal_in_vivo_MRI,,M,"30,52",88,,,,,,,,,,,,,,,,,,,,,,,,,,,,,,
,,sub-COMR331c-PND30,,Longitudinal_in_vivo_MRI,,M,"15,93",29,,,,,,,,,,,,,,,,,,,,,,,,,,,,,,
,,sub-COMR331c-PND90,,Longitudinal_in_vivo_MRI,,M,"29,89",88,,,,,,,,,,,,,,,,,,,,,,,,,,,,,,
,,sub-COMR331e-PND30,,Longitudinal_in_vivo_MRI,,F,"13,36",28,,,,,,,,,,,,,,,,,,,,,,,,,,,,,,
,,sub-COMR331e-PND90,,Longitudinal_in_vivo_MRI,,F,"23,62",85,,,,,,,,,,,,,,,,,,,,,,,,,,,,,,
,,sub-COMR332d-PND30,,Longitudinal_in_vivo_MRI,,M,"15,24",30,,,,,,,,,,,,,,,,,,,,,,,,,,,,,,
,,sub-COMR332d-PND90,,Longitudinal_in_vivo_MRI,,M,"26,43",89,,,,,,,,,,,,,,,,,,,,,,,,,,,,,,
,,sub-COMR332f-PND30,,Longitudinal_in_vivo_MRI,,F,"13,16",30,,,,,,,,,,,,,,,,,,,,,,,,,,,,,,
,,sub-COMR332f-PND90,,Longitudinal_in_vivo_MRI,,F,"19,28",89,,,,,,,,,,,,,,,,,,,,,,,,,,,,,,
,,sub-COMR341a-PND30,,Longitudinal_in_vivo_MRI,,F,"18,21",31,,,,,,,,,,,,,,,,,,,,,,,,,,,,,,
y,,sub-COMR341a-PND90,,Longitudinal_in_vivo_MRI,,F,"23,84",89,,,,,,,,,,,,,,,,,,,,,,,,,,,,,,
,,sub-COMR351b-PND30,,Longitudinal_in_vivo_MRI,,M,"14,45",29,,,,,,,,,,,,,,,,,,,,,,,,,,,,,,
,,sub-COMR351b-PND90,,Longitudinal_in_vivo_MRI,,M,"30,37",89,,,,,,,,,,,,,,,,,,,,,,,,,,,,,,
,,sub-COMR351i-PND30,,Longitudinal_in_vivo_MRI,,F,"14,01",29,,,,,,,,,,,,,,,,,,,,,,,,,,,,,,
,,sub-COMR351i-PND90,,Longitudinal_in_vivo_MRI,,F,"21,88",88,,,,,,,,,,,,,,,,,,,,,,,,,,,,,,
y,,sub-COMR381a-PND30,,Longitudinal_in_vivo_MRI,,M,"18,94",30,,,,,,,,,,,,,,,,,,,,,,,,,,,,,,
,,sub-COMR381a-PND90,,Longitudinal_in_vivo_MRI,,M,"30,31",85,,,,,,,,,,,,,,,,,,,,,,,,,,,,,,
,,sub-COMR381e-PND30,,Longitudinal_in_vivo_MRI,,M,"16,16",30,,,,,,,,,,,,,,,,,,,,,,,,,,,,,,
,,sub-COMR381e-PND90,,Longitudinal_in_vivo_MRI,,M,"28,01",86,,,,,,,,,,,,,,,,,,,,,,,,,,,,,,
,,sub-COMR381g-PND30,,Longitudinal_in_vivo_MRI,,M,"16,23",30,,,,,,,,,,,,,,,,,,,,,,,,,,,,,,
,,sub-COMR381g-PND90,,Longitudinal_in_vivo_MRI,,M,"27,16",86,,,,,,,,,,,,,,,,,,,,,,,,,,,,,,
y,,sub-COMR381h-PND30,,Longitudinal_in_vivo_MRI,,F,"12,97",30,,,,,,,,,,,,,,,,,,,,,,,,,,,,,,
y,,sub-COMR381h-PND90,,Longitudinal_in_vivo_MRI,,F,"21,69",83,,,,,,,,,,,,,,,,,,,,,,,,,,,,,,
,,sub-COMR391b-PND30,,Longitudinal_in_vivo_MRI,,M,"21,61",28,,,,,,,,,,,,,,,,,,,,,,,,,,,,,,
,,sub-COMR391b-PND90,,Longitudinal_in_vivo_MRI,,M,"33,64",90,,,,,,,,,,,,,,,,,,,,,,,,,,,,,,
,,sub-COMR421b-PND30,,Longitudinal_in_vivo_MRI,,M,"17,81",29,,,,,,,,,,,,,,,,,,,,,,,,,,,,,,
,,sub-COMR421b-PND90,,Longitudinal_in_vivo_MRI,,M,n/a,91,,,,,,,,,,,,,,,,,,,,,,,,,,,,,,
,,sub-COMR421f-PND30,,Longitudinal_in_vivo_MRI,,F,"16,42",29,,,,,,,,,,,,,,,,,,,,,,,,,,,,,,
,,sub-COMR421f-PND90,,Longitudinal_in_vivo_MRI,,F,n/a,91,,,,,,,,,,,,,,,,,,,,,,,,,,,,,,
,,sub-COMR431c-PND30,,Longitudinal_in_vivo_MRI,,F,"14,17",28,,,,,,,,,,,,,,,,,,,,,,,,,,,,,,
,,sub-COMR431c-PND90,,Longitudinal_in_vivo_MRI,,F,"26,4",90,,,,,,,,,,,,,,,,,,,,,,,,,,,,,,
