Scan_id	Participant_Id	Session	Dataset_name	Sex	Age(week)	Rodent.strain	MRI	Coil	fMRI.sequence	MRI T.R.	MRI T.E.	Anesthesia	Anesthesia amount	Ventilation	head-plate	Habituation	FD average	FD maximum	tSNR	comp1	comp2	comp3	comp4	comp5	comp6	comp7	comp8	comp9	comp10	comp11	comp12	comp13	comp14	comp15	comp16	comp17	comp18
N/A	sub-001	1	Florida-Mouse-Sepsi	M	28	C57BL/6J	7	n	SE-EPI	1500	25	Iso	1,25% isoflurane	n	N/A	N/A	0.005054012023	0.008570363753	N/A	0.038586	0.038664	0.04299	0.039362	0.03667	0.032734	0.037398	0.032204	0.046464	0.033317	0.07208	0.046246	0.051	0.026738	0.044852	0.038019	0.0485	0.031769
N/A	sub-002	1	Florida-Mouse-Sepsi	F	28	C57BL/6J	7	n	SE-EPI	1500	25	Iso	1,25% isoflurane	n	N/A	N/A	0.005294416042	0.009215761434	N/A	0.03288	0.034476	0.026633	0.026686	0.025511	0.023932	0.030092	0.022512	0.036513	0.020536	0.039485	0.04163	0.021491	0.023956	0.024963	0.024669	0.031044	0.016861
N/A	sub-003	1	Florida-Mouse-Sepsi	M	28	C57BL/6J	7	n	SE-EPI	1500	25	Iso	1,25% isoflurane	n	N/A	N/A	0.005689686879	0.009271274347	N/A	0.063177	0.060538	0.059543	0.030929	0.04509	0.057492	0.055284	0.047241	0.049273	0.035908	0.052905	0.05522	0.049636	0.022096	0.057662	0.037076	0.036982	0.033001
N/A	sub-004	1	Florida-Mouse-Sepsi	F	28	C57BL/6J	7	n	SE-EPI	1500	25	Iso	1,25% isoflurane	n	N/A	N/A	0.004051258344	0.006637363086	N/A	0.04017	0.062744	0.063127	0.035672	0.05066	0.0455	0.040386	0.031886	0.053921	0.034525	0.03857	0.045373	0.034474	0.021847	0.038041	0.027712	0.037375	0.028213
N/A	sub-008	1	Florida-Mouse-Sepsi	F	28	C57BL/6J	7	n	SE-EPI	1500	25	Iso	1,25% isoflurane	n	N/A	N/A	0.004737200593	0.007884912845	N/A	0.055747	0.048215	0.049796	0.036136	0.046187	0.042759	0.039827	0.036506	0.055623	0.03747	0.052788	0.04344	0.039825	0.035211	0.048222	0.038724	0.051145	0.034161
N/A	sub-015	1	Florida-Mouse-Sepsi	M	28	C57BL/6J	7	n	SE-EPI	1500	25	Iso	1,25% isoflurane	n	N/A	N/A	0.004770533968	0.007976828502	N/A	0.035296	0.02537	0.041537	0.031589	0.027199	0.027741	0.04058	0.033954	0.042326	0.019713	0.046262	0.042555	0.023493	0.018083	0.028057	0.033047	0.035844	0.034477
N/A	sub-016	1	Florida-Mouse-Sepsi	M	28	C57BL/6J	7	n	SE-EPI	1500	25	Iso	1,25% isoflurane	n	N/A	N/A	0.005252482533	0.008990177243	N/A	0.036124	0.072147	0.061864	0.047197	0.04586	0.043035	0.057538	0.038237	0.043927	0.035851	0.053161	0.055646	0.036854	0.026565	0.037396	0.032853	0.033547	0.028226
N/A	sub-019	1	Florida-Mouse-Sepsi	M	28	C57BL/6J	7	n	SE-EPI	1500	25	Iso	1,25% isoflurane	n	N/A	N/A	0.006497501845	0.01197330862	N/A	0.052767	0.062257	0.057137	0.057014	0.048519	0.054032	0.051201	0.048237	0.054217	0.030513	0.062228	0.062687	0.043361	0.029076	0.04783	0.03941	0.041846	0.025413
N/A	sub-020	1	Florida-Mouse-Sepsi	M	28	C57BL/6J	7	n	SE-EPI	1500	25	Iso	1,25% isoflurane	n	N/A	N/A	0.01641967858	0.02936319043	N/A	0.223532	0.213706	0.120296	0.202529	0.241261	0.268071	0.499887	0.209863	0.20718	0.161504	0.339673	0.366181	0.147578	0.163705	0.128034	0.297021	0.113454	0.106626
N/A	sub-021	1	Florida-Mouse-Sepsi	F	28	C57BL/6J	7	n	SE-EPI	1500	25	Iso	1,25% isoflurane	n	N/A	N/A	0.01502611941	0.02230353261	N/A	0.08403	0.127144	0.089999	0.10223	0.145807	0.106228	0.232953	0.100087	0.099448	0.058412	0.114914	0.099544	0.056078	0.056627	0.055087	0.07865	0.059714	0.154179
N/A	sub-022	1	Florida-Mouse-Sepsi	F	28	C57BL/6J	7	n	SE-EPI	1500	25	Iso	1,25% isoflurane	n	N/A	N/A	0.0128873474	0.0236736342	N/A	0.080523	0.058988	0.056045	0.053653	0.057248	0.042576	0.149222	0.085239	0.068766	0.041087	0.110276	0.124538	0.054211	0.028776	0.054135	0.041738	0.079333	0.0413
N/A	sub-023	1	Florida-Mouse-Sepsi	F	28	C57BL/6J	7	n	SE-EPI	1500	25	Iso	1,25% isoflurane	n	N/A	N/A	0.007124579376	0.01244014258	N/A	0.08351	0.112478	0.061855	0.071985	0.083171	0.067039	0.074951	0.04325	0.092391	0.046777	0.088766	0.071684	0.056508	0.049076	0.063297	0.049097	0.062752	0.053118