Scan_id	Participant_Id	Session	Dataset_name	Sex	Age(week)	Rodent.strain	MRI	Coil	fMRI.sequence	MRI T.R.	MRI T.E.	Anethesia	Anesthesia amount	Ventilation	head-plate	Habituation	FD average	FD maximum	tSNR	comp1	comp2	comp3	comp4	comp5	comp6	comp7	comp8	comp9	comp10	comp11	comp12	comp13	comp14	comp15	comp16	comp17	comp18
	sub-COMR194c-PND30	1	Longitudinal_in_vivo_MRI	M	4	C57BL/6	9.4		GE-EPI	1000	15	Mediso	0.05 mg/kg med bolus + 0.1 mg/kg med infusion, s.c., 0.4–0.65% ISO	n	n		0.006781644945	0.01045986286		0.086261	0.115286	0.152245	0.078873	0.070992	0.123877	0.054979	0.055159	0.074586	0.060903	0.069485	0.0728	0.081941	0.052857	0.065815	0.096309	0.057632	0.024689
	sub-COMR194c-PND90	2	Longitudinal_in_vivo_MRI	M	12	C57BL/6	9.4		GE-EPI	1000	15	Mediso	0.05 mg/kg med bolus + 0.1 mg/kg med infusion, s.c., 0.4–0.65% ISO	n	n		0.005912076804	0.008258959638		0.078932	0.092119	0.094893	0.054514	0.054277	0.080548	0.058353	0.055191	0.069589	0.050792	0.059145	0.080454	0.065694	0.044435	0.070377	0.048036	0.051839	0.028455
	sub-COMR194f-PND30	1	Longitudinal_in_vivo_MRI	F	4	C57BL/6	9.4		GE-EPI	1000	15	Mediso	0.05 mg/kg med bolus + 0.1 mg/kg med infusion, s.c., 0.4–0.65% ISO	n	n		0.006689003051	0.01124431599		0.065638	0.050895	0.056852	0.050619	0.040582	0.048832	0.048621	0.042304	0.054173	0.04395	0.060325	0.065547	0.047988	0.032211	0.061796	0.02881	0.055422	0.034298
	sub-COMR194f-PND90	2	Longitudinal_in_vivo_MRI	F	12	C57BL/6	9.4		GE-EPI	1000	15	Mediso	0.05 mg/kg med bolus + 0.1 mg/kg med infusion, s.c., 0.4–0.65% ISO	n	n		0.005662397096	0.008491416815		0.141769	0.151422	0.097678	0.080233	0.076716	0.090245	0.063003	0.069715	0.152119	0.078198	0.083812	0.120291	0.087281	0.065957	0.102735	0.084911	0.07741	0.03836
	sub-COMR202d-PND30	1	Longitudinal_in_vivo_MRI	F	4	C57BL/6	9.4		GE-EPI	1000	15	Mediso	0.05 mg/kg med bolus + 0.1 mg/kg med infusion, s.c., 0.4–0.65% ISO	n	n		0.006610692586	0.01136247689		0.062959	0.062101	0.056109	0.039398	0.040591	0.057228	0.03371	0.034609	0.065343	0.039337	0.050148	0.07086	0.046773	0.032626	0.059196	0.043593	0.060121	0.046578
	sub-COMR202d-PND90	2	Longitudinal_in_vivo_MRI	F	12	C57BL/6	9.4		GE-EPI	1000	15	Mediso	0.05 mg/kg med bolus + 0.1 mg/kg med infusion, s.c., 0.4–0.65% ISO	n	n		0.005027803051	0.007219245443		0.132174	0.176766	0.16759	0.095142	0.090231	0.138746	0.070588	0.058433	0.116154	0.059364	0.078153	0.081907	0.088267	0.090187	0.103465	0.086736	0.070757	0.071167
	sub-COMR221c-PND30	1	Longitudinal_in_vivo_MRI	M	4	C57BL/6	9.4		GE-EPI	1000	15	Mediso	0.05 mg/kg med bolus + 0.1 mg/kg med infusion, s.c., 0.4–0.65% ISO	n	n		0.006957535238	0.01234956292		0.101874	0.1201	0.122805	0.060404	0.106347	0.084883	0.054883	0.039875	0.084577	0.04699	0.069033	0.068059	0.07317	0.059665	0.070119	0.056966	0.06173	0.058152
	sub-COMR221c-PND90	2	Longitudinal_in_vivo_MRI	M	12	C57BL/6	9.4		GE-EPI	1000	15	Mediso	0.05 mg/kg med bolus + 0.1 mg/kg med infusion, s.c., 0.4–0.65% ISO	n	n		0.00539714751	0.007304642596		0.048863	0.065537	0.062931	0.047422	0.041235	0.040978	0.041059	0.049074	0.057098	0.046444	0.039794	0.042602	0.044133	0.033042	0.044001	0.040501	0.040318	0.015866
	sub-COMR221f-PND30	1	Longitudinal_in_vivo_MRI	F	4	C57BL/6	9.4		GE-EPI	1000	15	Mediso	0.05 mg/kg med bolus + 0.1 mg/kg med infusion, s.c., 0.4–0.65% ISO	n	n		0.006533582185	0.01103733963		0.093361	0.105412	0.117102	0.068928	0.089756	0.075702	0.061331	0.047227	0.072954	0.044698	0.067596	0.061816	0.080432	0.064119	0.093784	0.061638	0.065594	0.045147
	sub-COMR221f-PND90	2	Longitudinal_in_vivo_MRI	F	12	C57BL/6	9.4		GE-EPI	1000	15	Mediso	0.05 mg/kg med bolus + 0.1 mg/kg med infusion, s.c., 0.4–0.65% ISO	n	n		0.007405271613	0.01148441683		0.107599	0.171897	0.175282	0.201198	0.120367	0.143098	0.133022	0.07137	0.09282	0.118471	0.22776	0.147378	0.141914	0.16747	0.130068	0.138761	0.141287	0.041553
	sub-COMR232a-PND30	1	Longitudinal_in_vivo_MRI	M	4	C57BL/6	9.4		GE-EPI	1000	15	Mediso	0.05 mg/kg med bolus + 0.1 mg/kg med infusion, s.c., 0.4–0.65% ISO	n	n		0.006514585254	0.01148424684		0.041317	0.054408	0.046583	0.046222	0.038273	0.04297	0.039478	0.035903	0.052158	0.029866	0.047192	0.050912	0.039578	0.043817	0.0481	0.03808	0.044902	0.020387
	sub-COMR232a-PND90	2	Longitudinal_in_vivo_MRI	M	12	C57BL/6	9.4		GE-EPI	1000	15	Mediso	0.05 mg/kg med bolus + 0.1 mg/kg med infusion, s.c., 0.4–0.65% ISO	n	n		0.00730801025	0.01210899581		0.073908	0.089935	0.14228	0.068523	0.067961	0.074359	0.088115	0.059805	0.065768	0.043351	0.072857	0.084969	0.066448	0.063791	0.069624	0.066296	0.073888	0.038554
	sub-COMR232b-PND30	1	Longitudinal_in_vivo_MRI	F	4	C57BL/6	9.4		GE-EPI	1000	15	Mediso	0.05 mg/kg med bolus + 0.1 mg/kg med infusion, s.c., 0.4–0.65% ISO	n	n		0.00625340415	0.01094740197		0.059919	0.072479	0.074505	0.057886	0.058793	0.049631	0.03827	0.040276	0.046653	0.040582	0.053403	0.062683	0.04969	0.044108	0.060698	0.042352	0.048356	0.035091
	sub-COMR232b-PND90	2	Longitudinal_in_vivo_MRI	F	12	C57BL/6	9.4		GE-EPI	1000	15	Mediso	0.05 mg/kg med bolus + 0.1 mg/kg med infusion, s.c., 0.4–0.65% ISO	n	n		0.005586623699	0.008105802556		0.085893	0.196422	0.170192	0.077614	0.088744	0.091785	0.081652	0.062379	0.070095	0.073992	0.072533	0.072799	0.09876	0.089909	0.100974	0.071771	0.064563	0.024884
	sub-COMR232f-PND30	1	Longitudinal_in_vivo_MRI	F	4	C57BL/6	9.4		GE-EPI	1000	15	Mediso	0.05 mg/kg med bolus + 0.1 mg/kg med infusion, s.c., 0.4–0.65% ISO	n	n		0.006609371853	0.01192559386		0.073466	0.074902	0.049537	0.054285	0.05781	0.050176	0.051714	0.038116	0.064734	0.045762	0.066793	0.064396	0.05989	0.052164	0.086316	0.058133	0.073789	0.030778
	sub-COMR232f-PND90	2	Longitudinal_in_vivo_MRI	F	12	C57BL/6	9.4		GE-EPI	1000	15	Mediso	0.05 mg/kg med bolus + 0.1 mg/kg med infusion, s.c., 0.4–0.65% ISO	n	n		0.01588135941	0.02450982504		0.202268	0.159484	0.232769	0.104607	0.109132	0.111865	0.284839	0.120812	0.19519	0.078207	0.125303	0.155108	0.104764	0.081232	0.118793	0.101252	0.089832	0.061975
	sub-COMR233a-PND30	1	Longitudinal_in_vivo_MRI	F	4	C57BL/6	9.4		GE-EPI	1000	15	Mediso	0.05 mg/kg med bolus + 0.1 mg/kg med infusion, s.c., 0.4–0.65% ISO	n	n		0.006790735728	0.01131208539		0.075746	0.072942	0.074378	0.0759	0.07568	0.077335	0.066437	0.038405	0.061231	0.042042	0.066141	0.085117	0.051289	0.043903	0.084591	0.0618	0.073309	0.037427
	sub-COMR233a-PND90	2	Longitudinal_in_vivo_MRI	F	12	C57BL/6	9.4		GE-EPI	1000	15	Mediso	0.05 mg/kg med bolus + 0.1 mg/kg med infusion, s.c., 0.4–0.65% ISO	n	n		0.00495559382	0.007445689855		0.077279	0.104001	0.116164	0.059003	0.056748	0.075748	0.04339	0.061794	0.07949	0.044063	0.05478	0.075235	0.064663	0.051415	0.070182	0.082092	0.050959	0.035681
	sub-COMR233f-PND30	1	Longitudinal_in_vivo_MRI	M	4	C57BL/6	9.4		GE-EPI	1000	15	Mediso	0.05 mg/kg med bolus + 0.1 mg/kg med infusion, s.c., 0.4–0.65% ISO	n	n		0.006066126532	0.00915076444		0.062398	0.069263	0.06313	0.048607	0.04948	0.061237	0.047771	0.039003	0.070526	0.040521	0.062088	0.068235	0.052543	0.036585	0.065892	0.050885	0.073491	0.033714
	sub-COMR233f-PND90	2	Longitudinal_in_vivo_MRI	M	12	C57BL/6	9.4		GE-EPI	1000	15	Mediso	0.05 mg/kg med bolus + 0.1 mg/kg med infusion, s.c., 0.4–0.65% ISO	n	n		0.006184094202	0.009131706992		0.072149	0.090054	0.076156	0.0592	0.055496	0.067169	0.123339	0.063358	0.069882	0.055735	0.061318	0.071892	0.058348	0.056323	0.072623	0.066942	0.052615	0.037452
	sub-COMR242d-PND30	1	Longitudinal_in_vivo_MRI	M	4	C57BL/6	9.4		GE-EPI	1000	15	Mediso	0.05 mg/kg med bolus + 0.1 mg/kg med infusion, s.c., 0.4–0.65% ISO	n	n		0.007208143494	0.01295326493		0.03914	0.040898	0.02899	0.032461	0.026396	0.027979	0.03069	0.03657	0.04356	0.02902	0.038218	0.06787	0.036784	0.02136	0.043457	0.02791	0.039996	0.022757
	sub-COMR242d-PND90	2	Longitudinal_in_vivo_MRI	M	12	C57BL/6	9.4		GE-EPI	1000	15	Mediso	0.05 mg/kg med bolus + 0.1 mg/kg med infusion, s.c., 0.4–0.65% ISO	n	n		0.005411119114	0.00787074051		0.079626	0.082786	0.090753	0.062843	0.080659	0.066406	0.065494	0.055923	0.086563	0.050914	0.079474	0.08297	0.068596	0.048165	0.066642	0.070055	0.056247	0.043082
	sub-COMR242i-PND30	1	Longitudinal_in_vivo_MRI	F	4	C57BL/6	9.4	n	GE-EPI	1000	15	Mediso	0.05 mg/kg med bolus + 0.1 mg/kg med infusion, s.c., 0.4–0.65% ISO	n	n		0.01165833024	0.02276302441		0.071439	0.099811	0.093999	0.07265	0.076479	0.052908	0.058663	0.044234	0.0718	0.050949	0.07671	0.131294	0.073982	0.033255	0.088584	0.049369	0.068192	0.051849
	sub-COMR242i-PND90	2	Longitudinal_in_vivo_MRI	F	12	C57BL/6	9.4	n	GE-EPI	1000	15	Mediso	0.05 mg/kg med bolus + 0.1 mg/kg med infusion, s.c., 0.4–0.65% ISO	n	n		0.006164358552	0.00908395751		0.187559	0.237794	0.213489	0.205436	0.135426	0.149901	0.152461	0.144488	0.210831	0.186879	0.188184	0.188942	0.213995	0.204454	0.237731	0.155796	0.185699	0.151829
	sub-COMR291e-PND30	1	Longitudinal_in_vivo_MRI	F	4	C57BL/6	9.4	n	GE-EPI	1000	15	Mediso	0.05 mg/kg med bolus + 0.1 mg/kg med infusion, s.c., 0.4–0.65% ISO	n	n		0.007028199342	0.01191076189		0.07325	0.112897	0.110761	0.056388	0.047824	0.062108	0.062113	0.050118	0.089631	0.035837	0.054638	0.073162	0.067437	0.051372	0.078357	0.049896	0.05829	0.03067
	sub-COMR291e-PND90	2	Longitudinal_in_vivo_MRI	F	12	C57BL/6	9.4	n	GE-EPI	1000	15	Mediso	0.05 mg/kg med bolus + 0.1 mg/kg med infusion, s.c., 0.4–0.65% ISO	n	n		0.009031700241	0.01441111041		0.078809	0.076431	0.046796	0.063207	0.0523	0.059027	0.061668	0.069222	0.06951	0.051285	0.071216	0.100788	0.062939	0.046327	0.072399	0.046928	0.054325	0.042106
	sub-COMR291f-PND30	1	Longitudinal_in_vivo_MRI	F	4	C57BL/6	9.4	n	GE-EPI	1000	15	Mediso	0.05 mg/kg med bolus + 0.1 mg/kg med infusion, s.c., 0.4–0.65% ISO	n	n		0.006650687115	0.01077592585		0.061904	0.082843	0.07404	0.04668	0.044553	0.055873	0.052684	0.043415	0.069117	0.039203	0.048544	0.048038	0.06448	0.04193	0.069786	0.047841	0.049048	0.036893
	sub-COMR291f-PND90	2	Longitudinal_in_vivo_MRI	F	12	C57BL/6	9.4	n	GE-EPI	1000	15	Mediso	0.05 mg/kg med bolus + 0.1 mg/kg med infusion, s.c., 0.4–0.65% ISO	n	n		0.005329959736	0.008332619761		0.087333	0.07953	0.064559	0.056795	0.058887	0.055915	0.045588	0.045538	0.091913	0.046992	0.055428	0.08874	0.073482	0.046046	0.070432	0.053778	0.05365	0.034309
	sub-COMR291h-PND30	1	Longitudinal_in_vivo_MRI	F	4	C57BL/6	9.4	n	GE-EPI	1000	15	Mediso	0.05 mg/kg med bolus + 0.1 mg/kg med infusion, s.c., 0.4–0.65% ISO	n	n		0.006466664459	0.01086708417		0.059031	0.061082	0.053261	0.061615	0.052118	0.052336	0.065051	0.058836	0.052008	0.040379	0.065793	0.079025	0.048746	0.035174	0.046698	0.037726	0.050174	0.040696
	sub-COMR291h-PND90	2	Longitudinal_in_vivo_MRI	F	12	C57BL/6	9.4	n	GE-EPI	1000	15	Mediso	0.05 mg/kg med bolus + 0.1 mg/kg med infusion, s.c., 0.4–0.65% ISO	n	n		0.00531176287	0.007826652955		0.075545	0.086492	0.064999	0.052407	0.043179	0.058522	0.053297	0.055698	0.089605	0.050373	0.06352	0.070496	0.059089	0.050346	0.074008	0.072453	0.054108	0.031895
	sub-COMR301d-PND30	1	Longitudinal_in_vivo_MRI	F	4	C57BL/6	9.4	n	GE-EPI	1000	15	Mediso	0.05 mg/kg med bolus + 0.1 mg/kg med infusion, s.c., 0.4–0.65% ISO	n	n		0.00699299565	0.01230016291		0.063653	0.107916	0.100458	0.057482	0.049809	0.075307	0.062304	0.060987	0.082586	0.05185	0.067782	0.068558	0.072655	0.05029	0.071466	0.055689	0.047521	0.018313
	sub-COMR301d-PND90	2	Longitudinal_in_vivo_MRI	F	12	C57BL/6	9.4	n	GE-EPI	1000	15	Mediso	0.05 mg/kg med bolus + 0.1 mg/kg med infusion, s.c., 0.4–0.65% ISO	n	n		0.005443385684	0.008259885892		0.064008	0.05321	0.083947	0.046194	0.037481	0.055485	0.048057	0.049446	0.077821	0.044072	0.051316	0.056255	0.060049	0.050864	0.066749	0.073963	0.051497	0.02106
	sub-COMR301f-PND30	1	Longitudinal_in_vivo_MRI	M	4	C57BL/6	9.4	n	GE-EPI	1000	15	Mediso	0.05 mg/kg med bolus + 0.1 mg/kg med infusion, s.c., 0.4–0.65% ISO	n	n		0.007266408663	0.0136034071		0.057653	0.068108	0.066004	0.041411	0.047222	0.05653	0.053565	0.042284	0.063557	0.031974	0.062173	0.053147	0.040423	0.050691	0.071987	0.04403	0.049518	0.047124
	sub-COMR301f-PND90	2	Longitudinal_in_vivo_MRI	M	12	C57BL/6	9.4	n	GE-EPI	1000	15	Mediso	0.05 mg/kg med bolus + 0.1 mg/kg med infusion, s.c., 0.4–0.65% ISO	n	n		0.005197976636	0.007541750601		0.083224	0.084925	0.088198	0.069529	0.059423	0.055886	0.073679	0.078356	0.10111	0.058055	0.085908	0.102376	0.079542	0.06248	0.067777	0.063594	0.081561	0.032843
	sub-COMR321a-PND30	1	Longitudinal_in_vivo_MRI	M	4	C57BL/6	9.4	n	GE-EPI	1000	15	Mediso	0.05 mg/kg med bolus + 0.1 mg/kg med infusion, s.c., 0.4–0.65% ISO	n	n		0.006293259638	0.01084044655		0.056721	0.057506	0.058138	0.040309	0.036513	0.042505	0.040287	0.045129	0.060147	0.039238	0.049411	0.067064	0.050479	0.035017	0.04897	0.046494	0.04584	0.035045
	sub-COMR321a-PND90	2	Longitudinal_in_vivo_MRI	M	12	C57BL/6	9.4	n	GE-EPI	1000	15	Mediso	0.05 mg/kg med bolus + 0.1 mg/kg med infusion, s.c., 0.4–0.65% ISO	n	n		0.01029000114	0.01779318002		0.130677	0.230363	0.25373	0.163563	0.112589	0.168566	0.139099	0.079633	0.116201	0.099369	0.081798	0.114182	0.110524	0.123201	0.090899	0.12851	0.083374	0.045652
	sub-COMR331a-PND30	1	Longitudinal_in_vivo_MRI	M	4	C57BL/6	9.4	n	GE-EPI	1000	15	Mediso	0.05 mg/kg med bolus + 0.1 mg/kg med infusion, s.c., 0.4–0.65% ISO	n	n		0.006467121616	0.01059784086		0.067071	0.059813	0.058697	0.046652	0.048755	0.057649	0.055199	0.037645	0.075479	0.034453	0.061266	0.067641	0.052183	0.039571	0.046667	0.038704	0.055839	0.040751
	sub-COMR331a-PND90	2	Longitudinal_in_vivo_MRI	M	12	C57BL/6	9.4	n	GE-EPI	1000	15	Mediso	0.05 mg/kg med bolus + 0.1 mg/kg med infusion, s.c., 0.4–0.65% ISO	n	n		0.00629170758	0.01010338842		0.053696	0.084214	0.073463	0.047519	0.045863	0.051589	0.058346	0.05649	0.048003	0.034948	0.077123	0.055601	0.068429	0.037838	0.057687	0.065509	0.042681	0.018307
	sub-COMR331b-PND30	1	Longitudinal_in_vivo_MRI	M	4	C57BL/6	9.4	n	GE-EPI	1000	15	Mediso	0.05 mg/kg med bolus + 0.1 mg/kg med infusion, s.c., 0.4–0.65% ISO	n	n		0.006226668865	0.01058852322		0.070637	0.094662	0.058473	0.081087	0.064385	0.065749	0.058253	0.052014	0.070409	0.040649	0.066015	0.089256	0.085469	0.065967	0.083836	0.077451	0.0701	0.043596
	sub-COMR331b-PND90	2	Longitudinal_in_vivo_MRI	M	12	C57BL/6	9.4	n	GE-EPI	1000	15	Mediso	0.05 mg/kg med bolus + 0.1 mg/kg med infusion, s.c., 0.4–0.65% ISO	n	n		0.00542792689	0.00866648249		0.075971	0.085371	0.115391	0.06387	0.054253	0.063992	0.060412	0.048982	0.084296	0.049591	0.072561	0.092632	0.071357	0.055113	0.074466	0.053706	0.055515	0.035523
	sub-COMR331c-PND30	1	Longitudinal_in_vivo_MRI	M	4	C57BL/6	9.4	n	GE-EPI	1000	15	Mediso	0.05 mg/kg med bolus + 0.1 mg/kg med infusion, s.c., 0.4–0.65% ISO	n	n		0.006336350346	0.01089696007		0.058012	0.054165	0.05596	0.044807	0.047449	0.050152	0.054638	0.036473	0.065938	0.039961	0.06671	0.070924	0.042053	0.046464	0.047733	0.04265	0.05567	0.038282
	sub-COMR331c-PND90	2	Longitudinal_in_vivo_MRI	M	12	C57BL/6	9.4	n	GE-EPI	1000	15	Mediso	0.05 mg/kg med bolus + 0.1 mg/kg med infusion, s.c., 0.4–0.65% ISO	n	n		0.006329979123	0.009953942743		0.071049	0.141091	0.170126	0.087514	0.08199	0.096312	0.104689	0.06106	0.076069	0.049124	0.096627	0.099136	0.100752	0.086402	0.075799	0.058779	0.089101	0.034958
	sub-COMR331e-PND30	1	Longitudinal_in_vivo_MRI	F	4	C57BL/6	9.4	n	GE-EPI	1000	15	Mediso	0.05 mg/kg med bolus + 0.1 mg/kg med infusion, s.c., 0.4–0.65% ISO	n	n		0.006642047789	0.01072006715		0.075884	0.103895	0.070188	0.046105	0.055282	0.061293	0.066664	0.050884	0.067853	0.051257	0.05622	0.099191	0.068813	0.042851	0.067964	0.045444	0.060758	0.031501
	sub-COMR331e-PND90	2	Longitudinal_in_vivo_MRI	F	12	C57BL/6	9.4	n	GE-EPI	1000	15	Mediso	0.05 mg/kg med bolus + 0.1 mg/kg med infusion, s.c., 0.4–0.65% ISO	n	n		0.005647157189	0.007619075833		0.084872	0.128568	0.162741	0.08028	0.07373	0.079031	0.065397	0.048868	0.103531	0.060832	0.073635	0.071822	0.072985	0.064137	0.078462	0.082015	0.056471	0.029543
	sub-COMR332d-PND30	1	Longitudinal_in_vivo_MRI	M	4	C57BL/6	9.4	n	GE-EPI	1000	15	Mediso	0.05 mg/kg med bolus + 0.1 mg/kg med infusion, s.c., 0.4–0.65% ISO	n	n		0.00553220869	0.008048521467		0.0697	0.063554	0.042582	0.051753	0.043205	0.046006	0.045178	0.04916	0.06967	0.042935	0.077699	0.068365	0.04826	0.040752	0.055155	0.043333	0.077595	0.033935
	sub-COMR332d-PND90	2	Longitudinal_in_vivo_MRI	M	12	C57BL/6	9.4	n	GE-EPI	1000	15	Mediso	0.05 mg/kg med bolus + 0.1 mg/kg med infusion, s.c., 0.4–0.65% ISO	n	n		0.0190391148	0.03045744918		0.182507	0.217527	0.160504	0.152939	0.140733	0.103304	0.171378	0.104117	0.178133	0.099632	0.125657	0.135817	0.088025	0.100266	0.140702	0.136557	0.113259	0.037991
	sub-COMR332f-PND30	1	Longitudinal_in_vivo_MRI	F	4	C57BL/6	9.4	n	GE-EPI	1000	15	Mediso	0.05 mg/kg med bolus + 0.1 mg/kg med infusion, s.c., 0.4–0.65% ISO	n	n		0.0165821076	0.03214168533		0.113092	0.071836	0.061385	0.085733	0.065629	0.08184	0.13373	0.058148	0.084157	0.041468	0.07739	0.102646	0.062309	0.051431	0.086596	0.06064	0.053141	0.027342
	sub-COMR332f-PND90	2	Longitudinal_in_vivo_MRI	F	12	C57BL/6	9.4	n	GE-EPI	1000	15	Mediso	0.05 mg/kg med bolus + 0.1 mg/kg med infusion, s.c., 0.4–0.65% ISO	n	n		0.006179281605	0.01049556659		0.138412	0.165609	0.202456	0.134341	0.110946	0.189918	0.087038	0.070958	0.137913	0.07607	0.056837	0.086411	0.092937	0.11907	0.139676	0.121213	0.081354	0.04575
	sub-COMR341a-PND30	1	Longitudinal_in_vivo_MRI	F	4	C57BL/6	9.4	n	GE-EPI	1000	15	Mediso	0.05 mg/kg med bolus + 0.1 mg/kg med infusion, s.c., 0.4–0.65% ISO	n	n		0.007328455548	0.0140908665		0.07155	0.057021	0.039538	0.077352	0.051725	0.061906	0.07194	0.051518	0.079948	0.058407	0.077336	0.096139	0.072571	0.048948	0.064272	0.069357	0.054073	0.040298
	sub-COMR341a-PND90	2	Longitudinal_in_vivo_MRI	F	12	C57BL/6	9.4	n	GE-EPI	1000	15	Mediso	0.05 mg/kg med bolus + 0.1 mg/kg med infusion, s.c., 0.4–0.65% ISO	n	n		0.006078508574	0.009074525256		0.135447	0.17168	0.192287	0.109975	0.098792	0.122342	0.066282	0.061551	0.116576	0.072015	0.080828	0.092651	0.110138	0.098354	0.115105	0.116444	0.085865	0.040178
	sub-COMR351b-PND30	1	Longitudinal_in_vivo_MRI	M	4	C57BL/6	9.4	n	GE-EPI	1000	15	Mediso	0.05 mg/kg med bolus + 0.1 mg/kg med infusion, s.c., 0.4–0.65% ISO	n	n		0.008844874546	0.01618385277		0.077081	0.084466	0.052454	0.042512	0.052185	0.048956	0.063094	0.036501	0.05677	0.038764	0.053358	0.088002	0.054696	0.039168	0.052014	0.056607	0.062664	0.046846
	sub-COMR351b-PND90	2	Longitudinal_in_vivo_MRI	M	12	C57BL/6	9.4	n	GE-EPI	1000	15	Mediso	0.05 mg/kg med bolus + 0.1 mg/kg med infusion, s.c., 0.4–0.65% ISO	n	n		0.006488833054	0.01121144437		0.088384	0.225511	0.206961	0.103806	0.077019	0.111051	0.088752	0.051521	0.076287	0.039878	0.073268	0.082963	0.083537	0.088363	0.071901	0.089155	0.078751	0.040454
	sub-COMR351i-PND30	1	Longitudinal_in_vivo_MRI	F	4	C57BL/6	9.4	n	GE-EPI	1000	15	Mediso	0.05 mg/kg med bolus + 0.1 mg/kg med infusion, s.c., 0.4–0.65% ISO	n	n		0.006772109984	0.01222422083		0.093528	0.117432	0.087194	0.07205	0.077955	0.080719	0.067012	0.063552	0.095645	0.048453	0.07307	0.083912	0.073078	0.06461	0.111463	0.08043	0.063719	0.023369
	sub-COMR351i-PND90	2	Longitudinal_in_vivo_MRI	F	12	C57BL/6	9.4	n	GE-EPI	1000	15	Mediso	0.05 mg/kg med bolus + 0.1 mg/kg med infusion, s.c., 0.4–0.65% ISO	n	n		0.005687852899	0.008026803792		0.118622	0.104204	0.113843	0.072154	0.091119	0.091146	0.063178	0.049158	0.081559	0.044849	0.082164	0.080986	0.094216	0.092039	0.11441	0.074094	0.075478	0.068811
	sub-COMR381a-PND30	1	Longitudinal_in_vivo_MRI	M	4	C57BL/6	9.4	n	GE-EPI	1000	15	Mediso	0.05 mg/kg med bolus + 0.1 mg/kg med infusion, s.c., 0.4–0.65% ISO	n	n		0.005864821541	0.009260105225		0.085938	0.04644	0.04899	0.053341	0.055566	0.055309	0.027376	0.033801	0.094148	0.028638	0.067478	0.036807	0.080547	0.050981	0.068951	0.048157	0.081814	0.03456
	sub-COMR381a-PND90	2	Longitudinal_in_vivo_MRI	M	12	C57BL/6	9.4	n	GE-EPI	1000	15	Mediso	0.05 mg/kg med bolus + 0.1 mg/kg med infusion, s.c., 0.4–0.65% ISO	n	n		0.005121743906	0.007819942765		0.06682	0.056113	0.079947	0.054502	0.041708	0.060913	0.048072	0.064968	0.070899	0.037339	0.060279	0.065176	0.052769	0.0355	0.060929	0.047554	0.042069	0.021079
	sub-COMR381e-PND30	1	Longitudinal_in_vivo_MRI	M	4	C57BL/6	9.4	n	GE-EPI	1000	15	Mediso	0.05 mg/kg med bolus + 0.1 mg/kg med infusion, s.c., 0.4–0.65% ISO	n	n		0.007108138437	0.01151155154		0.099945	0.079619	0.10074	0.052099	0.063872	0.051135	0.063308	0.038378	0.086531	0.051781	0.06931	0.073049	0.072339	0.061439	0.084358	0.067797	0.076357	0.047568
	sub-COMR381e-PND90	2	Longitudinal_in_vivo_MRI	M	12	C57BL/6	9.4	n	GE-EPI	1000	15	Mediso	0.05 mg/kg med bolus + 0.1 mg/kg med infusion, s.c., 0.4–0.65% ISO	n	n		0.005809468462	0.008460002805		0.097849	0.099883	0.102907	0.062364	0.060382	0.062587	0.06509	0.063277	0.111583	0.076563	0.083747	0.098097	0.077799	0.063429	0.084874	0.076396	0.080484	0.046068
	sub-COMR381g-PND30	1	Longitudinal_in_vivo_MRI	M	4	C57BL/6	9.4	n	GE-EPI	1000	15	Mediso	0.05 mg/kg med bolus + 0.1 mg/kg med infusion, s.c., 0.4–0.65% ISO	n	n		0.005804865877	0.008679664322		0.078748	0.069677	0.079526	0.04865	0.071345	0.053548	0.046194	0.04977	0.072417	0.050311	0.062824	0.066267	0.062923	0.04745	0.060208	0.063469	0.101568	0.05181
	sub-COMR381g-PND90	2	Longitudinal_in_vivo_MRI	M	12	C57BL/6	9.4	n	GE-EPI	1000	15	Mediso	0.05 mg/kg med bolus + 0.1 mg/kg med infusion, s.c., 0.4–0.65% ISO	n	n		0.006073004774	0.009837422719		0.077946	0.089506	0.105205	0.079431	0.061954	0.059411	0.056431	0.06541	0.094026	0.065828	0.08261	0.101894	0.096949	0.080533	0.079603	0.081443	0.075622	0.030713
	sub-COMR381h-PND30	1	Longitudinal_in_vivo_MRI	F	4	C57BL/6	9.4	n	GE-EPI	1000	15	Mediso	0.05 mg/kg med bolus + 0.1 mg/kg med infusion, s.c., 0.4–0.65% ISO	n	n		0.009145202964	0.01588153583		0.101793	0.093329	0.077941	0.069694	0.080932	0.100955	0.056646	0.050626	0.088583	0.057453	0.083997	0.096807	0.080153	0.059868	0.077134	0.06063	0.060688	0.036425
	sub-COMR381h-PND90	2	Longitudinal_in_vivo_MRI	F	12	C57BL/6	9.4	n	GE-EPI	1000	15	Mediso	0.05 mg/kg med bolus + 0.1 mg/kg med infusion, s.c., 0.4–0.65% ISO	n	n		0.007883307668	0.01262444251		0.117921	0.171842	0.154505	0.201391	0.142415	0.218749	0.086338	0.172221	0.136025	0.116019	0.161419	0.127358	0.162151	0.118187	0.161508	0.195263	0.123588	0.037976
	sub-COMR391b-PND30	1	Longitudinal_in_vivo_MRI	M	4	C57BL/6	9.4	n	GE-EPI	1000	15	Mediso	0.05 mg/kg med bolus + 0.1 mg/kg med infusion, s.c., 0.4–0.65% ISO	n	n		0.007075240353	0.0114813693		0.111572	0.086051	0.070922	0.05839	0.075462	0.092433	0.084425	0.056173	0.076591	0.036282	0.073986	0.056788	0.056003	0.057112	0.072195	0.06587	0.086675	0.047709
	sub-COMR391b-PND90	2	Longitudinal_in_vivo_MRI	M	12	C57BL/6	9.4	n	GE-EPI	1000	15	Mediso	0.05 mg/kg med bolus + 0.1 mg/kg med infusion, s.c., 0.4–0.65% ISO	n	n		0.005519084716	0.008404037783		0.05524	0.055233	0.066404	0.045635	0.042944	0.043192	0.041885	0.052103	0.061007	0.043059	0.064204	0.044064	0.043786	0.036512	0.050017	0.045994	0.039863	0.027309
	sub-COMR421b-PND30	1	Longitudinal_in_vivo_MRI	M	4	C57BL/6	9.4	n	GE-EPI	1000	15	Mediso	0.05 mg/kg med bolus + 0.1 mg/kg med infusion, s.c., 0.4–0.65% ISO	n	n		0.007473605779	0.0123083312		0.069642	0.065852	0.06206	0.036702	0.037209	0.0474	0.049689	0.046669	0.052579	0.037478	0.068845	0.043528	0.052768	0.040932	0.048134	0.057063	0.046176	0.032972
	sub-COMR421b-PND90	2	Longitudinal_in_vivo_MRI	M	12	C57BL/6	9.4	n	GE-EPI	1000	15	Mediso	0.05 mg/kg med bolus + 0.1 mg/kg med infusion, s.c., 0.4–0.65% ISO	n	n		0.008197130228	0.01259542892		0.090318	0.098046	0.089905	0.06901	0.068484	0.076117	0.109825	0.086522	0.109572	0.070214	0.111319	0.107259	0.081812	0.054356	0.065115	0.069053	0.106071	0.052378
	sub-COMR421f-PND30	1	Longitudinal_in_vivo_MRI	F	4	C57BL/6	9.4	n	GE-EPI	1000	15	Mediso	0.05 mg/kg med bolus + 0.1 mg/kg med infusion, s.c., 0.4–0.65% ISO	n	n		0.007109974847	0.01299713849		0.089208	0.075674	0.061114	0.053699	0.043803	0.056147	0.059207	0.046387	0.065723	0.04274	0.06455	0.068393	0.089283	0.061443	0.072864	0.062636	0.062698	0.026812
	sub-COMR421f-PND90	2	Longitudinal_in_vivo_MRI	F	12	C57BL/6	9.4	n	GE-EPI	1000	15	Mediso	0.05 mg/kg med bolus + 0.1 mg/kg med infusion, s.c., 0.4–0.65% ISO	n	n		0.004911227186	0.007102097003		0.047865	0.079152	0.061571	0.054401	0.044642	0.041844	0.051064	0.049584	0.057666	0.044811	0.0735	0.06014	0.055798	0.040595	0.057905	0.043044	0.051674	0.018891
	sub-COMR431c-PND30	1	Longitudinal_in_vivo_MRI	F	4	C57BL/6	9.4	n	GE-EPI	1000	15	Mediso	0.05 mg/kg med bolus + 0.1 mg/kg med infusion, s.c., 0.4–0.65% ISO	n	n		0.008106713008	0.01431838265		0.171061	0.096194	0.126986	0.108732	0.139409	0.11605	0.069174	0.048068	0.110836	0.066549	0.165617	0.157003	0.109471	0.089277	0.17251	0.089792	0.097625	0.06584
	sub-COMR431c-PND90	2	Longitudinal_in_vivo_MRI	F	12	C57BL/6	9.4	n	GE-EPI	1000	15	Mediso	0.05 mg/kg med bolus + 0.1 mg/kg med infusion, s.c., 0.4–0.65% ISO	n	n		0.006217238071	0.009072026555		0.083232	0.081477	0.076171	0.06623	0.060647	0.058574	0.064913	0.079012	0.10793	0.061236	0.085864	0.087816	0.082013	0.075261	0.099907	0.075387	0.080716	0.035938
