Scan_id	Participant_Id	Session	Dataset_name	Sex	Age(week)	Rodent.strain	MRI	Coil	fMRI.sequence	MRI T.R.	MRI T.E.	Anesthesia	Anesthesia amount	Ventilation	head-plate	Habituation	FD average	FD maximum	tSNR
	sub-001	1	Mouse_rest_psilocybin_pilot	M	7	C57BL/6J	9.4	y	ME-EPI	1700	15	Mediso	0.05 mg/kg med bolus + 0.1 mg/kg med infusion, i.v., 0,5% iso	y			0.005793383224	0.009182312042	
	sub-002	1	Mouse_rest_psilocybin_pilot	M	7	C57BL/6J	9.4	y	ME-EPI	1700	15	Mediso	0.05 mg/kg med bolus + 0.1 mg/kg med infusion, i.v., 0,5% iso	y			0.00608100836	0.009895280575	
	sub-003	1	Mouse_rest_psilocybin_pilot	M	7	C57BL/6J	9.4	y	ME-EPI	1700	15	Mediso	0.05 mg/kg med bolus + 0.1 mg/kg med infusion, i.v., 0,5% iso	y			0.005578698343	0.008877609909	
	sub-004	1	Mouse_rest_psilocybin_pilot	M	7	C57BL/6J	9.4	y	ME-EPI	1700	15	Mediso	0.05 mg/kg med bolus + 0.1 mg/kg med infusion, i.v., 0,5% iso	y			0.005806955077	0.009209655399	
	sub-006	1	Mouse_rest_psilocybin_pilot	M	7	C57BL/6J	9.4	y	ME-EPI	1700	15	Mediso	0.05 mg/kg med bolus + 0.1 mg/kg med infusion, i.v., 0,5% iso	y			0.006275128813	0.01080930451	
	sub-007	1	Mouse_rest_psilocybin_pilot	M	7	C57BL/6J	9.4	y	ME-EPI	1700	15	Mediso	0.05 mg/kg med bolus + 0.1 mg/kg med infusion, i.v., 0,5% iso	y			0.005685279342	0.009381865859	
	sub-008	1	Mouse_rest_psilocybin_pilot	M	7	C57BL/6J	9.4	y	ME-EPI	1700	15	Mediso	0.05 mg/kg med bolus + 0.1 mg/kg med infusion, i.v., 0,5% iso	y			0.005719973464	0.009434385664	
	sub-009	1	Mouse_rest_psilocybin_pilot	M	7	C57BL/6J	9.4	y	ME-EPI	1700	15	Mediso	0.05 mg/kg med bolus + 0.1 mg/kg med infusion, i.v., 0,5% iso	y			0.00624182643	0.01036531735	
	sub-010	1	Mouse_rest_psilocybin_pilot	M	7	C57BL/6J	9.4	y	ME-EPI	1700	15	Mediso	0.05 mg/kg med bolus + 0.1 mg/kg med infusion, i.v., 0,5% iso	y			0.005836900684	0.009581703257	
	sub-011	1	Mouse_rest_psilocybin_pilot	M	7	C57BL/6J	9.4	y	ME-EPI	1700	15	Mediso	0.05 mg/kg med bolus + 0.1 mg/kg med infusion, i.v., 0,5% iso	y			0.006203395787	0.009892802331	
	sub-012	1	Mouse_rest_psilocybin_pilot	M	7	C57BL/6J	9.4	y	ME-EPI	1700	15	Mediso	0.05 mg/kg med bolus + 0.1 mg/kg med infusion, i.v., 0,5% iso	y			0.006181522107	0.00992755041	
	sub-013	1	Mouse_rest_psilocybin_pilot	M	7	C57BL/6J	9.4	y	ME-EPI	1700	15	Mediso	0.05 mg/kg med bolus + 0.1 mg/kg med infusion, i.v., 0,5% iso	y			0.005636468265	0.008970671561	
	sub-014	1	Mouse_rest_psilocybin_pilot	M	7	C57BL/6J	9.4	y	ME-EPI	1700	15	Mediso	0.05 mg/kg med bolus + 0.1 mg/kg med infusion, i.v., 0,5% iso	y			0.006940992466	0.01143645953	
	sub-015	1	Mouse_rest_psilocybin_pilot	M	7	C57BL/6J	9.4	y	ME-EPI	1700	15	Mediso	0.05 mg/kg med bolus + 0.1 mg/kg med infusion, i.v., 0,5% iso	y			0.00582110548	0.009596015296	
	sub-016	1	Mouse_rest_psilocybin_pilot	M	7	C57BL/6J	9.4	y	ME-EPI	1700	15	Mediso	0.05 mg/kg med bolus + 0.1 mg/kg med infusion, i.v., 0,5% iso	y			0.00622774102	0.01028541463	
	sub-017	1	Mouse_rest_psilocybin_pilot	M	7	C57BL/6J	9.4	y	ME-EPI	1700	15	Mediso	0.05 mg/kg med bolus + 0.1 mg/kg med infusion, i.v., 0,5% iso	y			0.006228567347	0.01015386733	
	sub-018	1	Mouse_rest_psilocybin_pilot	M	7	C57BL/6J	9.4	y	ME-EPI	1700	15	Mediso	0.05 mg/kg med bolus + 0.1 mg/kg med infusion, i.v., 0,5% iso	y			0.005633201676	0.009705226167	
	sub-019	1	Mouse_rest_psilocybin_pilot	M	7	C57BL/6J	9.4	y	ME-EPI	1700	15	Mediso	0.05 mg/kg med bolus + 0.1 mg/kg med infusion, i.v., 0,5% iso	y			0.005938211285	0.009420862489	
	sub-020	1	Mouse_rest_psilocybin_pilot	M	7	C57BL/6J	9.4	y	ME-EPI	1700	15	Mediso	0.05 mg/kg med bolus + 0.1 mg/kg med infusion, i.v., 0,5% iso	y			0.006191791204	0.01003108801	
	sub-021	1	Mouse_rest_psilocybin_pilot	M	7	C57BL/6J	9.4	y	ME-EPI	1700	15	Mediso	0.05 mg/kg med bolus + 0.1 mg/kg med infusion, i.v., 0,5% iso	y			0.00644459997	0.0109433275	
	sub-022	1	Mouse_rest_psilocybin_pilot	M	7	C57BL/6J	9.4	y	ME-EPI	1700	15	Mediso	0.05 mg/kg med bolus + 0.1 mg/kg med infusion, i.v., 0,5% iso	y			0.006415512733	0.01033558681	
	sub-023	1	Mouse_rest_psilocybin_pilot	M	7	C57BL/6J	9.4	y	ME-EPI	1700	15	Mediso	0.05 mg/kg med bolus + 0.1 mg/kg med infusion, i.v., 0,5% iso	y			0.005562611464	0.009310067988	
	sub-024	1	Mouse_rest_psilocybin_pilot	M	7	C57BL/6J	9.4	y	ME-EPI	1700	15	Mediso	0.05 mg/kg med bolus + 0.1 mg/kg med infusion, i.v., 0,5% iso	y			0.005843529818	0.008773633876	
	sub-025	1	Mouse_rest_psilocybin_pilot	M	7	C57BL/6J	9.4	y	ME-EPI	1700	15	Mediso	0.05 mg/kg med bolus + 0.1 mg/kg med infusion, i.v., 0,5% iso	y			0.005794225338	0.00927456107	
