participant_id	session	sex	genotype	Weight	SpO2	HR	Temperature	DOB	Experiment_Date	Age	comp1	comp2	comp3	comp4	comp5	comp6	comp7	comp8	comp9	comp10	comp11	comp12	comp13	comp14	comp15	comp16	comp17	comp18
c1NT	1	M	3xTG	32.3	98	272	35.8	2016-11-22	2017-03-23	3	0.077791	0.088831	0.10954	0.103044	0.055364	0.087395	0.086685	0.084099	0.076778	0.054319	0.05588	0.051657	0.079653	0.051595	0.063615	0.048057	0.058879	0.039008
c1NT	2	M	3xTG	36.2	94	311	35.8	2016-11-22	2017-05-31	6	0.075973	0.08893	0.107877	0.08915	0.056247	0.073719	0.09946	0.097427	0.073319	0.07031	0.061353	0.058081	0.068971	0.063236	0.064338	0.059522	0.049423	0.035948
c2NT	1	M	3xTG	24.8	98	257	36.9	2016-11-29	2017-03-23	3	0.064114	0.106523	0.148654	0.102486	0.063188	0.083902	0.093926	0.08809	0.070915	0.05153	0.061231	0.060812	0.060932	0.064224	0.06259	0.046106	0.041247	0.034321
c2NT	2	M	3xTG	30.6	99	450	35.8	2016-11-29	2017-05-31	6	0.060223	0.067329	0.074261	0.065898	0.052213	0.074145	0.073927	0.071696	0.063055	0.054323	0.065543	0.058475	0.061478	0.037059	0.054797	0.044254	0.044177	0.042623
c2R1	1	M	3xTG	25	97	360	36.1	2016-11-29	2017-03-23	3	0.082152	0.120034	0.126505	0.111637	0.066564	0.118598	0.118319	0.074318	0.094873	0.073478	0.058793	0.057883	0.054416	0.04979	0.072305	0.049997	0.054045	0.035185
c4NT	1	M	C57BL/6	31.5	99	250	36	2016-12-10	2017-03-29	3	0.072767	0.072314	0.077668	0.063039	0.047626	0.07268	0.113699	0.082647	0.059297	0.056144	0.060129	0.067955	0.05302	0.041984	0.051394	0.052752	0.045648	0.035085
c4NT	2	M	C57BL/6	35	96	208	34.8	2016-12-10	2017-06-19	6	0.054649	0.052744	0.067184	0.056598	0.039193	0.056629	0.08384	0.049678	0.054873	0.042228	0.056046	0.043782	0.048572	0.029979	0.035496	0.036679	0.045844	0.03248
c5NT	1	M	C57BL/6	30.1	99	427	35.2	2016-12-10	2017-03-29	3	0.088956	0.083338	0.115616	0.091311	0.054582	0.093955	0.109714	0.066092	0.097809	0.05999	0.06097	0.059034	0.06944	0.046919	0.068346	0.043252	0.055297	0.03785
c5NT	2	M	C57BL/6	31.9	93	223	34.6	2016-12-03	2017-06-05	6	0.076117	0.119104	0.120385	0.072166	0.06164	0.081032	0.078961	0.071167	0.058403	0.047799	0.051384	0.057808	0.067158	0.062239	0.070257	0.055246	0.042676	0.041794
c6NT	1	M	3xTG	26.2	99	330	36.3	2016-12-19	2017-03-30	3	0.04734	0.04987	0.052216	0.046004	0.043395	0.040785	0.060368	0.03642	0.051381	0.033541	0.050688	0.058076	0.046627	0.030468	0.04171	0.041675	0.042454	0.042359
c6NT	2	M	3xTG	30.2	90	250	36	2016-12-19	2017-06-20	6	0.049586	0.056638	0.071562	0.058109	0.047858	0.055559	0.087364	0.067444	0.04961	0.029763	0.049751	0.063292	0.05155	0.039851	0.052658	0.044387	0.036276	0.039851
c7NT	1	M	C57BL/6	28.7	36	350	35	2016-12-10	2017-04-06	3	0.072132	0.073884	0.076563	0.053362	0.039885	0.068347	0.079954	0.071903	0.06649	0.039724	0.051585	0.05922	0.053873	0.05027	0.060644	0.048905	0.045051	0.039798
c7NT	2	M	C57BL/6	28.3	80	266	35.8	2016-12-10	2017-06-19	6	0.05639	0.140118	0.155823	0.064597	0.083799	0.095375	0.071593	0.051921	0.048935	0.041709	0.068943	0.062128	0.060374	0.035413	0.047971	0.044028	0.049721	0.034239
c8NT	1	M	3xTG	25	97	379	36.3	2017-01-20	2017-04-25	3	0.07898	0.078851	0.077495	0.085765	0.040542	0.050591	0.075907	0.092586	0.06378	0.053674	0.059313	0.049956	0.067735	0.043968	0.061424	0.055671	0.040762	0.037392
c8NT	2	M	3xTG	25	97	379	36.3	2017-01-20	2017-04-25	6	0.089132	0.113527	0.123786	0.082544	0.076583	0.085188	0.102764	0.094115	0.081985	0.069109	0.049501	0.066329	0.0648	0.056325	0.075578	0.057256	0.039845	0.039883
c9NT	1	M	3xTG	23.7	99	457	35	2017-01-20	2017-04-25	3	0.074169	0.08994	0.112604	0.072279	0.046128	0.058227	0.085056	0.098317	0.07206	0.046223	0.057119	0.06479	0.069077	0.063996	0.072337	0.052211	0.045009	0.038417
c11L	1	M	3xTG	30.3	97	370	36.6	2016-11-22	2017-03-23	3	0.061444	0.073326	0.074573	0.075158	0.050879	0.0652	0.093773	0.067733	0.054363	0.053779	0.0499	0.048905	0.056625	0.036461	0.056046	0.044171	0.050128	0.036864
c11L	2	M	3xTG	34.7	97	270	35.4	2016-11-22	2017-05-31	6	0.063565	0.085802	0.108063	0.064598	0.06232	0.078968	0.071405	0.051964	0.046426	0.039858	0.054649	0.056737	0.058374	0.043788	0.061305	0.051272	0.053844	0.039578
c21L	1	M	3xTG	24.2	93	254	36.1	2016-11-29	2017-03-23	3	0.07987	0.11812	0.093855	0.141898	0.075815	0.116266	0.088262	0.087489	0.078178	0.053166	0.098003	0.067626	0.075553	0.052166	0.0732	0.064526	0.051733	0.054195
c31L	1	M	3xTG	29.6	93	331	36.1	2016-12-17	2017-03-24	3	0.082229	0.094555	0.103785	0.088347	0.05696	0.081769	0.096665	0.084153	0.09064	0.052234	0.064256	0.064628	0.092023	0.056235	0.073022	0.061704	0.046058	0.044997
c31R	1	M	3xTG	28.2	99	350	35.8	2016-12-17	2017-03-24	3	0.067119	0.057928	0.061901	0.054652	0.041877	0.048511	0.060976	0.048628	0.057577	0.036661	0.069767	0.062209	0.058336	0.045407	0.054058	0.03774	0.05048	0.052092
c31R	2	M	3xTG	32.3	88	380	35.2	2016-12-17	2017-06-20	6	0.056313	0.10806	0.094236	0.065278	0.071238	0.080106	0.078339	0.048953	0.055486	0.0409	0.056493	0.053133	0.059277	0.04481	0.053425	0.038906	0.05357	0.034802
c32L	1	M	3xTG	27.4	96	306	35.8	2016-12-17	2017-03-30	3	0.08050896	0.1140323	0.13536035	0.12168433	0.06856092	0.12571388	0.11713581	0.07506118	0.09202681	0.07421278	0.06114472	0.06077715	0.05278352	0.0468026	0.072305	0.04649721	0.0572877	0.0358887
c32L	2	M	3xTG	32	82	240	35.8	2016-12-17	2017-06-20	6	0.07786069	0.072314	0.07533796	0.0693429	0.04381592	0.0741336	0.11483599	0.08182053	0.0652267	0.05782832	0.06493932	0.06727545	0.0487784	0.04576256	0.04728248	0.05116944	0.04701744	0.03683925
c32R	1	M	3xTG	28	94	253	35.8	2016-12-17	2017-03-30	3	0.05956741	0.05749096	0.06852768	0.06169182	0.04076072	0.05832787	0.0771328	0.04818766	0.05322681	0.04476168	0.05436462	0.04772238	0.05197204	0.0269811	0.035496	0.03777937	0.04171804	0.0295568
c32R	2	M	3xTG	34	89	254	35.8	2016-12-17	2017-06-20	6	0.08272908	0.07667096	0.11099136	0.09313722	0.0491238	0.09113635	0.1151997	0.07204028	0.09585282	0.0647892	0.0634088	0.0619857	0.06944	0.04879576	0.0717633	0.04498208	0.05363809	0.0374715
c41L	1	M	C57BL/6	30.2	99	300	35.8	2016-12-10	2017-03-29	3	0.07459466	0.12982336	0.12399655	0.07649596	0.0622564	0.08346296	0.08448827	0.071167	0.05665091	0.05066694	0.05600856	0.06127648	0.0604422	0.06472856	0.07236471	0.06021814	0.042676	0.04012224
c41L	2	M	C57BL/6	32	95	248	35.4	2016-12-10	2017-06-19	6	0.0478134	0.0493713	0.05587112	0.04784416	0.03948945	0.0448635	0.060368	0.0353274	0.04727052	0.0301869	0.04764672	0.06039904	0.04289684	0.03168672	0.045881	0.041675	0.04330308	0.0465949
c41R	1	M	C57BL/6	26.3	99	280	36	2016-12-10	2017-03-29	3	0.0471067	0.06003628	0.07657134	0.06333881	0.04833658	0.05833695	0.0917322	0.06137404	0.0451451	0.03244167	0.04626843	0.05886156	0.0530965	0.04224206	0.05213142	0.04261152	0.03700152	0.03626441
c41R	2	M	C57BL/6	27.2	98	276	36.6	2016-12-10	2017-06-19	6	0.07645992	0.07831704	0.07120359	0.0480258	0.0358965	0.07108088	0.08315216	0.06902688	0.0684847	0.0436964	0.0464265	0.0633654	0.0484857	0.0482592	0.0667084	0.04743785	0.04369947	0.04099194
c42L	1	M	C57BL/6	30.6	99	250	35	2016-12-10	2017-03-29	3	0.0546983	0.15132744	0.16984707	0.06653491	0.08128503	0.10395875	0.07803637	0.05607468	0.048935	0.0458799	0.06618528	0.06709824	0.06460018	0.03612126	0.04461303	0.04226688	0.05220705	0.03149988
c42L	2	M	C57BL/6	36	99	269	35	2016-12-10	2017-06-19	6	0.0805596	0.07806249	0.0697455	0.08662265	0.03932574	0.05362646	0.075907	0.09999288	0.0599532	0.05689444	0.06465117	0.04595952	0.067735	0.0417696	0.06510944	0.05622771	0.04402296	0.03851376
c42R	1	M	C57BL/6	25.7	99	250	36	2016-12-10	2017-03-29	3	0.09002332	0.11012119	0.11512098	0.08336944	0.07734883	0.08007672	0.10173636	0.094115	0.0787056	0.06496246	0.04702595	0.06301255	0.05832	0.054072	0.075578	0.05668344	0.04024345	0.03948417
c42R	2	M	C57BL/6	29	96	180	34.5	2016-12-10	2017-06-19	6	0.06971886	0.0980346	0.10809984	0.07517016	0.04797312	0.06346743	0.085056	0.10618236	0.0691776	0.04853415	0.05940376	0.0615505	0.06769546	0.06591588	0.06872015	0.05064467	0.04230846	0.03534364
c51L	1	M	C57BL/6	30.5	99	250	36.6	2016-12-10	2017-03-29	3	0.06635952	0.07259274	0.07084435	0.0676422	0.0559669	0.06846	0.10033711	0.06570101	0.054363	0.053779	0.050898	0.0449926	0.05605875	0.03536717	0.05212278	0.04284587	0.04611776	0.03760128
c51L	2	M	C57BL/6	31.6	99	211	34.8	2016-12-03	2017-06-05	6	0.05784415	0.08322794	0.10049859	0.05878418	0.0641896	0.07738864	0.07354715	0.05404256	0.04828304	0.04145232	0.0601139	0.05730437	0.06012522	0.0394092	0.0564006	0.05229744	0.05761308	0.04195268
c61L	1	M	3xTG	27	99	340	36.6	2016-12-19	2017-03-30	3	0.0758765	0.106308	0.1013634	0.1560878	0.075815	0.116266	0.0838489	0.08311455	0.07895978	0.05157102	0.09996306	0.06627348	0.07781959	0.05060102	0.07686	0.06065444	0.04966368	0.0563628
c61L	2	M	3xTG	31	89	184	36.3	2016-12-19	2017-06-20	6	0.08962961	0.0869906	0.11312565	0.09276435	0.054112	0.08585745	0.09763165	0.08751912	0.0852016	0.05327868	0.0610432	0.0613966	0.08466116	0.0506115	0.07010112	0.06417216	0.04882148	0.04184721
c61R	1	M	3xTG	26	96	326	36.3	2016-12-19	2017-03-30	3	0.0738309	0.05676944	0.06313902	0.05246592	0.04438962	0.04802589	0.06280528	0.04522404	0.05354661	0.03702761	0.069767	0.05723228	0.058336	0.0408663	0.04919278	0.0381174	0.0545184	0.052092
c61R	2	M	3xTG	30	92	238	36.3	2016-12-19	2017-06-20	6	0.05180796	0.10806	0.10083252	0.0587502	0.0783618	0.0720954	0.07285527	0.05335877	0.05715058	0.038037	0.05423328	0.05419566	0.06342639	0.0488429	0.049151	0.03657164	0.0567842	0.03201784
c62L	1	M	3xTG	25.8	99	335	35.4	2016-12-19	2017-03-30	3	0.0780936912	0.122014561	0.1312995395	0.1204674867	0.06856092	0.1370281292	0.1218212424	0.0720587328	0.0865052014	0.0727285244	0.0654248504	0.0577382925	0.047505168	0.047738652	0.07881245	0.04649721	0.062443593	0.033017604
c71L	1	M	C57BL/6	30.1	98	298	35.5	2016-12-10	2017-04-06	3	0.0739676555	0.07376028	0.0708176824	0.072116616	0.0446922384	0.06672024	0.1056491108	0.0842751459	0.065878967	0.054936904	0.0668874996	0.068620959	0.04390056	0.0439320576	0.0463368304	0.056286384	0.0484279632	0.0364708575
c71L	2	M	C57BL/6	36.5	97	233	35	2016-12-10	2017-06-19	6	0.0553976913	0.060365508	0.071954064	0.067861002	0.0370922552	0.0565780339	0.076361472	0.0491514132	0.0495009333	0.0429712128	0.0554519124	0.0491540514	0.0556100828	0.026441478	0.03798072	0.034001433	0.045889844	0.027783392
c71R	1	M	C57BL/6	31.4	95	416	35.8	2016-12-10	2017-04-06	3	0.0769380444	0.0759042504	0.1043318784	0.0856862424	0.051088752	0.0975158945	0.10367973	0.0713198772	0.0948942918	0.06802866	0.068481504	0.06818427	0.0708288	0.0492837176	0.068175135	0.0481308256	0.048274281	0.03971979
c71R	2	M	C57BL/6	31.6	99	169	34.8	2016-12-10	2017-06-19	6	0.0753406066	0.1194374912	0.114076826	0.0749660408	0.065991784	0.0884707376	0.0861780354	0.0782837	0.05665091	0.0491469318	0.050407704	0.0637275392	0.058628934	0.0692595592	0.0738120042	0.0614225028	0.04651684	0.0369124608
c81L	1	M	3xTG	30.1	99	336	35.2	2017-01-20	2017-04-25	3	0.044944596	0.046409022	0.0608995208	0.0449735104	0.043438395	0.040825785	0.05553856	0.037447044	0.0491613408	0.032903721	0.0505055232	0.0610030304	0.04289684	0.033271056	0.04909267	0.04375875	0.0459012648	0.045663002
c81L	2	M	3xTG	30.1	99	336	35.2	2017-01-20	2017-04-25	6	0.046635633	0.0588355544	0.0719770596	0.0671391386	0.0439862878	0.0635872755	0.098153454	0.0632152612	0.0451451	0.0311440032	0.0495072201	0.0541526352	0.051503605	0.0413972188	0.0490035348	0.04261152	0.0399616416	0.0384402746
c81R	1	M	3xTG	27.9	89	340	35.4	2017-01-20	2017-04-25	3	0.0810475152	0.0712685064	0.078323949	0.045144252	0.034819605	0.0760565416	0.0864782464	0.0648852672	0.0684847	0.044570328	0.05014062	0.062731746	0.04363713	0.043915872	0.060704644	0.0431684435	0.0441364647	0.0377125848
c81R	2	M	3xTG	27.9	89	340	35.4	2017-01-20	2017-04-25	6	0.056339249	0.1392212448	0.1766409528	0.0618774663	0.0845364312	0.0946024625	0.0811578248	0.061682148	0.0469776	0.0458799	0.0708182496	0.0731370816	0.0633081764	0.0393721734	0.0432746391	0.0418442112	0.0537732615	0.0343348692
c91L	1	M	3xTG	25.3	95	613	37	2017-01-20	2017-04-25	3	0.078142812	0.07806249	0.071837865	0.095284915	0.0361796808	0.0546989892	0.07666607	0.1079923104	0.065348988	0.0603081064	0.0594790764	0.0500958768	0.0690897	0.039263424	0.0592495904	0.0573522642	0.0400608936	0.0377434848
c91L	2	M	3xTG	25.3	95	613	37	2017-01-20	2017-04-25	6	0.0936242528	0.1002102829	0.1243306584	0.0758661904	0.085083713	0.0848813232	0.0976669056	0.09693845	0.077918544	0.071458706	0.0503177665	0.0649029265	0.064152	0.05515344	0.08086846	0.053849268	0.041853188	0.0363254364
c91R	1	M	3xTG	26	95	266	35.2	2017-01-20	2017-04-25	3	0.0690216714	0.10293633	0.1059378432	0.0721633536	0.0470136576	0.069814173	0.08590656	0.1093678308	0.07609536	0.0509608575	0.0552454968	0.06647454	0.0663415508	0.0652567212	0.0707817545	0.0501382233	0.04230846	0.037110822
c3NT2	1	M	3xTG_hydrocephalus	25	98	260	36.3	2016-12-17	2017-03-30	3	0.0690139008	0.0711408852	0.066593689	0.070347888	0.059884583	0.0657216	0.1073607077	0.0670150302	0.05545026	0.05109005	0.0534429	0.04049334	0.057179925	0.0328914681	0.0536864634	0.0454166222	0.043811872	0.0383533056
