statistic,comp1,comp2,comp3,comp4,comp5,comp6,comp7,comp8,comp9,comp10,comp11,comp12,comp13,comp14,comp15,comp16,comp17,comp18
EXPV,0.5570496951355731,0.6032819986692801,0.4571541074226809,0.4122405373516137,0.48977973535701846,-0.884929944645453,-5.753493845704999,0.09083629692389139,0.5163024550276162,0.3737445823329316,-1.8016380302429553,-1.1419210167537366,0.5595036296303937,0.5756390891671674,0.5334703239147861,0.4866761525494293,-0.017692038173279467,0.27170658654315005
MACE,0.012945544554455467,0.027599009900990096,0.017821782178217817,0.019059405940594056,0.02623762376237624,0.05069306930693072,0.05997524752475249,0.036336633663366355,0.01435643564356435,0.01633663366336634,0.06752475247524754,0.05898514851485148,0.03811881188118812,0.01794554455445544,0.017400990099009916,0.029455445544554433,0.07631188118811882,0.02334158415841584
MAPE,291480621121.0934,0.4339028851047981,0.5087262993628227,0.5293568752560772,1.0091767975753676,0.8620058599911985,2.2948901593441007,0.6049956319311797,0.4650002253203144,0.6122906875660162,1.1020922543311855,0.8382386590768242,0.6508698283238904,0.5662387296578082,293552501518.9783,0.507290585539268,3.9677898912233522,0.7266412716629649
MSLL,0.5641825367798994,1.0792161669870772,1.8694301779499065,0.8568751057087952,1.4461452784195257,2.16554485503946,1.9535739813896247,1.709484598827127,0.9993936193337547,1.526047493879019,1.7797577171514187,1.7469991146685413,1.3852886081850444,1.7202977059994689,1.1851682034727706,0.8544613284074898,1.476707341775938,1.3840895329750236
NLL,0.6599763809782743,0.6408538906947524,0.9822035673697757,0.6082408362433112,0.7145010287616035,1.338732440245629,1.8294981363956921,0.9905523787633135,0.6303918221125312,0.7483927489391868,1.3745664479599213,1.2760392825813223,0.5827325835445418,0.7767248773944726,0.6892439690427473,0.5856215338695296,0.8625732598008138,0.7944175007785848
R2,0.5570451139699899,0.6026652974197897,0.45576476427919566,0.3728366254521174,0.4468550902292199,-1.1717870712727243,-7.030801529589537,0.009521932200437067,0.49952174315030307,0.3508237534362898,-2.397738871849497,-1.5534645996281196,0.5329228200869589,0.5723951370274672,0.5302691503512464,0.4321851912819028,-0.2340324065651116,0.2126518870072195
RMSE,0.1772332947620906,0.09839267227303103,0.07350866435877056,0.14944200227326188,0.08658311864220242,0.15598806733391807,0.6056989441010484,0.11734293874601985,0.11835864585218099,0.08958039448097263,0.29743049366029845,0.24143069760229072,0.07411591876686764,0.061587938856318095,0.10099740334256899,0.1393511454763344,0.14544910870393857,0.1190569933227292
Rho,0.7877071238677268,0.8078463411987707,0.7023699787024256,0.7607680325756966,0.7450429866026492,0.397363342070888,0.009272386656277193,0.5561142603246712,0.7545920813113678,0.7051172558332982,0.19995940574075807,0.2918410251740564,0.7990189047091036,0.7780128354971028,0.7653527837179888,0.7410914761474876,0.7224658571635424,0.6547959785376549
Rho_p,0.0,0.0,1.4748375144878253e-240,2.54219154278554e-305,3.818654854485039e-286,2.929404301811277e-62,0.7095467331988267,7.542027078252368e-132,1.2889875124257554e-297,3.0345948454171415e-243,4.892856288571508e-16,4.277421432442353e-33,0.0,0.0,0.0,1.5134039090414913e-281,5.871643645101977e-261,1.7196591972178714e-198
SMSE,0.4429548860300101,0.3973347025802103,0.5442352357208043,0.6271633745478826,0.5531449097707802,2.1717870712727243,8.030801529589537,0.9904780677995628,0.5004782568496969,0.6491762465637103,3.3977388718494974,2.5534645996281196,0.46707717991304115,0.4276048629725328,0.4697308496487536,0.5678148087180972,1.2340324065651118,0.7873481129927804
ShapiroW,0.99129373014746,0.9492108865109703,0.9830862732188326,0.9577527095619828,0.9895815975457921,0.9907681689780554,0.9807356119355098,0.9956944414572871,0.9894597885972044,0.9844194292245374,0.9838175406077629,0.9838315847907976,0.979211913397643,0.9926349653078093,0.9848159634829567,0.9902235174877796,0.9479502209769071,0.9945303051190871
