Scan_id,Participant_Id,Session,Dataset_name,Age(week),MRI,MRI T.R.,Sex,Rodent.strain,Coil,fMRI.sequence,Anesthesia,Ventilation,comp2,comp10,comp11
sub-0100500_ses-2_run-1_task-rest_bold_cleaned,100500,2,Awake,,9.4,1500.0,F,C57BL/6,Cryo,GE-EPI,Awake,No,0.341008,0.229564,0.420021
sub-0100502_ses-1_run-1_task-rest_bold_cleaned,100502,1,Awake,,9.4,1500.0,F,C57BL/6,Cryo,GE-EPI,Awake,No,0.107992,0.238773,0.129459
sub-0100502_ses-4_run-10_task-rest_bold_cleaned,100502,4,Awake,,9.4,600.0,F,C57BL/6,RT,GE-EPI,Awake,No,0.099229,0.065455,0.109788
sub-0100502_ses-4_run-11_task-rest_bold_cleaned,100502,4,Awake,,9.4,600.0,F,C57BL/6,RT,GE-EPI,Awake,No,0.077482,0.073689,0.099856
sub-0100502_ses-4_run-12_task-rest_bold_cleaned,100502,4,Awake,,9.4,600.0,F,C57BL/6,RT,GE-EPI,Awake,No,0.066128,0.054513,0.08056
sub-0100502_ses-4_run-13_task-rest_bold_cleaned,100502,4,Awake,,9.4,600.0,F,C57BL/6,RT,GE-EPI,Awake,No,0.092078,0.064313,0.096336
sub-0100502_ses-4_run-14_task-rest_bold_cleaned,100502,4,Awake,,9.4,600.0,F,C57BL/6,RT,GE-EPI,Awake,No,0.095725,0.062913,0.102765
sub-0100502_ses-4_run-15_task-rest_bold_cleaned,100502,4,Awake,,9.4,600.0,F,C57BL/6,RT,GE-EPI,Awake,No,0.076976,0.065446,0.100731
sub-0100502_ses-4_run-16_task-rest_bold_cleaned,100502,4,Awake,,9.4,600.0,F,C57BL/6,RT,GE-EPI,Awake,No,0.079655,0.05744,0.121135
sub-0100502_ses-4_run-17_task-rest_bold_cleaned,100502,4,Awake,,9.4,600.0,F,C57BL/6,RT,GE-EPI,Awake,No,0.085211,0.077144,0.094371
sub-0100502_ses-4_run-18_task-rest_bold_cleaned,100502,4,Awake,,9.4,600.0,F,C57BL/6,RT,GE-EPI,Awake,No,0.072566,0.075719,0.093791
sub-0100502_ses-4_run-19_task-rest_bold_cleaned,100502,4,Awake,,9.4,600.0,F,C57BL/6,RT,GE-EPI,Awake,No,0.070906,0.050524,0.087485
sub-0100502_ses-4_run-1_task-rest_bold_cleaned,100502,4,Awake,,9.4,600.0,F,C57BL/6,RT,GE-EPI,Awake,No,0.051783,0.052959,0.103414
sub-0100502_ses-4_run-20_task-rest_bold_cleaned,100502,4,Awake,,9.4,600.0,F,C57BL/6,RT,GE-EPI,Awake,No,0.082696,0.060537,0.112433
sub-0100502_ses-4_run-21_task-rest_bold_cleaned,100502,4,Awake,,9.4,600.0,F,C57BL/6,RT,GE-EPI,Awake,No,0.070175,0.061235,0.102328
sub-0100502_ses-4_run-22_task-rest_bold_cleaned,100502,4,Awake,,9.4,600.0,F,C57BL/6,RT,GE-EPI,Awake,No,0.066687,0.065882,0.096467
sub-0100502_ses-4_run-23_task-rest_bold_cleaned,100502,4,Awake,,9.4,600.0,F,C57BL/6,RT,GE-EPI,Awake,No,0.080332,0.055011,0.101828
sub-0100502_ses-4_run-24_task-rest_bold_cleaned,100502,4,Awake,,9.4,600.0,F,C57BL/6,RT,GE-EPI,Awake,No,0.072575,0.06016,0.090692
sub-0100502_ses-4_run-2_task-rest_bold_cleaned,100502,4,Awake,,9.4,600.0,F,C57BL/6,RT,GE-EPI,Awake,No,0.062425,0.05598,0.094167
sub-0100502_ses-4_run-3_task-rest_bold_cleaned,100502,4,Awake,,9.4,600.0,F,C57BL/6,RT,GE-EPI,Awake,No,0.098447,0.072323,0.113121
sub-0100502_ses-4_run-4_task-rest_bold_cleaned,100502,4,Awake,,9.4,600.0,F,C57BL/6,RT,GE-EPI,Awake,No,0.086551,0.069074,0.107757
sub-0100502_ses-4_run-5_task-rest_bold_cleaned,100502,4,Awake,,9.4,600.0,F,C57BL/6,RT,GE-EPI,Awake,No,0.086185,0.056269,0.106063
sub-0100502_ses-4_run-6_task-rest_bold_cleaned,100502,4,Awake,,9.4,600.0,F,C57BL/6,RT,GE-EPI,Awake,No,0.08742,0.062546,0.10384
sub-0100502_ses-4_run-7_task-rest_bold_cleaned,100502,4,Awake,,9.4,600.0,F,C57BL/6,RT,GE-EPI,Awake,No,0.085793,0.063388,0.086219
sub-0100502_ses-4_run-8_task-rest_bold_cleaned,100502,4,Awake,,9.4,600.0,F,C57BL/6,RT,GE-EPI,Awake,No,0.098788,0.064318,0.107744
sub-0100502_ses-4_run-9_task-rest_bold_cleaned,100502,4,Awake,,9.4,600.0,F,C57BL/6,RT,GE-EPI,Awake,No,0.093734,0.065271,0.106423
sub-0100503_ses-1_run-1_task-rest_bold_cleaned,100503,1,Awake,,9.4,1500.0,F,C57BL/6,Cryo,SE-EPI,Awake,No,0.126647,0.062895,0.087361
sub-0100503_ses-2_run-1_task-rest_bold_cleaned,100503,2,Awake,,9.4,1500.0,F,C57BL/6,Cryo,SE-EPI,Awake,No,0.074505,0.063714,0.089603
sub-0100504_ses-1_run-1_task-rest_bold_cleaned,100504,1,Awake,,9.4,1500.0,F,C57BL/6,Cryo,GE-EPI,Awake,No,0.190941,0.207602,0.252908
sub-0300100_ses-1_run-1_task-rest_bold_cleaned,300100,1,Awake,,9.4,2500.0,M,C57BL/6,RT,SE-EPI,Awake,No,0.056709,0.036919,0.197054
sub-0300100_ses-1_run-2_task-rest_bold_cleaned,300100,1,Awake,,9.4,2500.0,M,C57BL/6,RT,SE-EPI,Awake,No,0.021977,0.023536,0.050043
sub-0300100_ses-1_run-3_task-rest_bold_cleaned,300100,1,Awake,,9.4,2500.0,M,C57BL/6,RT,SE-EPI,Awake,No,0.140834,0.049601,0.131239
sub-0300100_ses-1_run-4_task-rest_bold_cleaned,300100,1,Awake,,9.4,2500.0,M,C57BL/6,RT,SE-EPI,Awake,No,0.048012,0.093486,0.122953
sub-0300100_ses-2_run-1_task-rest_bold_cleaned,300100,2,Awake,,9.4,2500.0,M,C57BL/6,RT,SE-EPI,Awake,No,0.045967,0.008928,0.062882
sub-0300100_ses-2_run-2_task-rest_bold_cleaned,300100,2,Awake,,9.4,2500.0,M,C57BL/6,RT,SE-EPI,Awake,No,0.043153,0.026839,0.035641
sub-0300100_ses-2_run-3_task-rest_bold_cleaned,300100,2,Awake,,9.4,2500.0,M,C57BL/6,RT,SE-EPI,Awake,No,0.056075,0.059459,0.129354
sub-0300100_ses-2_run-4_task-rest_bold_cleaned,300100,2,Awake,,9.4,2500.0,M,C57BL/6,RT,SE-EPI,Awake,No,0.056021,0.032274,0.030305
sub-0300100_ses-3_run-1_task-rest_bold_cleaned,300100,3,Awake,,9.4,2500.0,M,C57BL/6,RT,SE-EPI,Awake,No,0.072416,0.056104,0.030584
sub-0300100_ses-3_run-2_task-rest_bold_cleaned,300100,3,Awake,,9.4,2500.0,M,C57BL/6,RT,SE-EPI,Awake,No,0.05965,0.042646,0.023512
sub-0300100_ses-3_run-3_task-rest_bold_cleaned,300100,3,Awake,,9.4,2500.0,M,C57BL/6,RT,SE-EPI,Awake,No,0.031336,0.054094,0.085999
sub-0300100_ses-3_run-4_task-rest_bold_cleaned,300100,3,Awake,,9.4,2500.0,M,C57BL/6,RT,SE-EPI,Awake,No,0.049351,0.052184,0.062652
sub-0300100_ses-4_run-1_task-rest_bold_cleaned,300100,4,Awake,,9.4,2500.0,M,C57BL/6,RT,SE-EPI,Awake,No,0.038605,0.0777,0.036766
sub-0300100_ses-4_run-2_task-rest_bold_cleaned,300100,4,Awake,,9.4,2500.0,M,C57BL/6,RT,SE-EPI,Awake,No,0.052201,0.014195,0.036962
sub-0300100_ses-4_run-3_task-rest_bold_cleaned,300100,4,Awake,,9.4,2500.0,M,C57BL/6,RT,SE-EPI,Awake,No,0.083736,0.080526,0.049832
sub-0300100_ses-4_run-4_task-rest_bold_cleaned,300100,4,Awake,,9.4,2500.0,M,C57BL/6,RT,SE-EPI,Awake,No,0.023794,0.017379,0.044986
sub-0300100_ses-5_run-1_task-rest_bold_cleaned,300100,5,Awake,,9.4,2500.0,M,C57BL/6,RT,SE-EPI,Awake,No,0.031361,0.018108,0.040166
sub-0300100_ses-5_run-2_task-rest_bold_cleaned,300100,5,Awake,,9.4,2500.0,M,C57BL/6,RT,SE-EPI,Awake,No,0.063973,0.021221,0.03505
sub-0300100_ses-5_run-3_task-rest_bold_cleaned,300100,5,Awake,,9.4,2500.0,M,C57BL/6,RT,SE-EPI,Awake,No,0.03736,0.041306,0.062739
sub-0300100_ses-5_run-4_task-rest_bold_cleaned,300100,5,Awake,,9.4,2500.0,M,C57BL/6,RT,SE-EPI,Awake,No,0.032593,0.014172,0.005685
sub-0300101_ses-2_run-1_task-rest_bold_cleaned,300101,2,Awake,,9.4,2500.0,M,C57BL/6,RT,SE-EPI,Awake,No,0.100937,0.027945,0.099504
sub-0300101_ses-2_run-2_task-rest_bold_cleaned,300101,2,Awake,,9.4,2500.0,M,C57BL/6,RT,SE-EPI,Awake,No,0.052206,0.028684,0.049759
sub-0300101_ses-2_run-3_task-rest_bold_cleaned,300101,2,Awake,,9.4,2500.0,M,C57BL/6,RT,SE-EPI,Awake,No,0.063907,0.08227,0.043548
sub-0300101_ses-2_run-4_task-rest_bold_cleaned,300101,2,Awake,,9.4,2500.0,M,C57BL/6,RT,SE-EPI,Awake,No,0.131728,0.040817,0.255779
sub-0300101_ses-3_run-1_task-rest_bold_cleaned,300101,3,Awake,,9.4,2500.0,M,C57BL/6,RT,SE-EPI,Awake,No,0.078817,0.016519,0.042492
sub-0300101_ses-3_run-2_task-rest_bold_cleaned,300101,3,Awake,,9.4,2500.0,M,C57BL/6,RT,SE-EPI,Awake,No,0.102483,0.051802,0.109845
sub-0300101_ses-3_run-3_task-rest_bold_cleaned,300101,3,Awake,,9.4,2500.0,M,C57BL/6,RT,SE-EPI,Awake,No,0.044107,0.078287,0.057776
sub-0300101_ses-3_run-4_task-rest_bold_cleaned,300101,3,Awake,,9.4,2500.0,M,C57BL/6,RT,SE-EPI,Awake,No,0.116125,0.050769,0.01447
sub-0300101_ses-4_run-1_task-rest_bold_cleaned,300101,4,Awake,,9.4,2500.0,M,C57BL/6,RT,SE-EPI,Awake,No,0.050615,-0.001857,0.106157
sub-0300101_ses-4_run-2_task-rest_bold_cleaned,300101,4,Awake,,9.4,2500.0,M,C57BL/6,RT,SE-EPI,Awake,No,0.06865,0.008555,0.035347
sub-0300101_ses-4_run-3_task-rest_bold_cleaned,300101,4,Awake,,9.4,2500.0,M,C57BL/6,RT,SE-EPI,Awake,No,0.14341,-0.008754,0.069014
sub-0300101_ses-4_run-4_task-rest_bold_cleaned,300101,4,Awake,,9.4,2500.0,M,C57BL/6,RT,SE-EPI,Awake,No,0.05289,0.050908,0.024564
sub-0300101_ses-5_run-1_task-rest_bold_cleaned,300101,5,Awake,,9.4,2500.0,M,C57BL/6,RT,SE-EPI,Awake,No,0.073619,0.014169,0.08691
sub-0300101_ses-5_run-2_task-rest_bold_cleaned,300101,5,Awake,,9.4,2500.0,M,C57BL/6,RT,SE-EPI,Awake,No,0.038502,0.018394,0.106515
sub-0300101_ses-5_run-3_task-rest_bold_cleaned,300101,5,Awake,,9.4,2500.0,M,C57BL/6,RT,SE-EPI,Awake,No,0.085195,0.012631,0.022762
sub-0300101_ses-5_run-4_task-rest_bold_cleaned,300101,5,Awake,,9.4,2500.0,M,C57BL/6,RT,SE-EPI,Awake,No,0.11861,0.029672,0.107275
sub-0300101_ses-6_run-1_task-rest_bold_cleaned,300101,6,Awake,,9.4,2500.0,M,C57BL/6,RT,SE-EPI,Awake,No,0.075364,0.067847,0.039869
sub-0300101_ses-6_run-2_task-rest_bold_cleaned,300101,6,Awake,,9.4,2500.0,M,C57BL/6,RT,SE-EPI,Awake,No,0.027453,0.070113,0.086927
sub-0300101_ses-6_run-3_task-rest_bold_cleaned,300101,6,Awake,,9.4,2500.0,M,C57BL/6,RT,SE-EPI,Awake,No,0.051587,0.031569,0.054704
sub-0300101_ses-6_run-4_task-rest_bold_cleaned,300101,6,Awake,,9.4,2500.0,M,C57BL/6,RT,SE-EPI,Awake,No,0.055018,0.037922,0.084454
sub-0300102_ses-2_run-1_task-rest_bold_cleaned,300102,2,Awake,,9.4,2500.0,M,C57BL/6,RT,SE-EPI,Awake,No,0.042057,0.053408,0.023863
sub-0300102_ses-2_run-2_task-rest_bold_cleaned,300102,2,Awake,,9.4,2500.0,M,C57BL/6,RT,SE-EPI,Awake,No,0.089783,0.018765,0.042887
sub-0300102_ses-2_run-3_task-rest_bold_cleaned,300102,2,Awake,,9.4,2500.0,M,C57BL/6,RT,SE-EPI,Awake,No,0.036493,0.06571,0.08935
sub-0300102_ses-2_run-4_task-rest_bold_cleaned,300102,2,Awake,,9.4,2500.0,M,C57BL/6,RT,SE-EPI,Awake,No,0.175794,0.046112,0.076775
sub-0300102_ses-3_run-1_task-rest_bold_cleaned,300102,3,Awake,,9.4,2500.0,M,C57BL/6,RT,SE-EPI,Awake,No,0.179304,0.019737,0.045217
sub-0300102_ses-3_run-2_task-rest_bold_cleaned,300102,3,Awake,,9.4,2500.0,M,C57BL/6,RT,SE-EPI,Awake,No,0.029852,0.070047,0.072418
sub-0300102_ses-3_run-3_task-rest_bold_cleaned,300102,3,Awake,,9.4,2500.0,M,C57BL/6,RT,SE-EPI,Awake,No,0.020416,0.0173,0.050657
sub-0300102_ses-3_run-4_task-rest_bold_cleaned,300102,3,Awake,,9.4,2500.0,M,C57BL/6,RT,SE-EPI,Awake,No,0.117788,0.07075,0.113951
sub-0300102_ses-4_run-1_task-rest_bold_cleaned,300102,4,Awake,,9.4,2500.0,M,C57BL/6,RT,SE-EPI,Awake,No,0.077408,0.040646,0.078521
sub-0300102_ses-4_run-2_task-rest_bold_cleaned,300102,4,Awake,,9.4,2500.0,M,C57BL/6,RT,SE-EPI,Awake,No,0.043097,0.04595,0.082801
sub-0300102_ses-4_run-3_task-rest_bold_cleaned,300102,4,Awake,,9.4,2500.0,M,C57BL/6,RT,SE-EPI,Awake,No,0.077188,0.033251,0.052495
sub-0300102_ses-4_run-4_task-rest_bold_cleaned,300102,4,Awake,,9.4,2500.0,M,C57BL/6,RT,SE-EPI,Awake,No,0.069143,0.114453,0.058033
sub-0300102_ses-5_run-1_task-rest_bold_cleaned,300102,5,Awake,,9.4,2500.0,M,C57BL/6,RT,SE-EPI,Awake,No,0.028799,0.120545,0.006064
sub-0300102_ses-5_run-2_task-rest_bold_cleaned,300102,5,Awake,,9.4,2500.0,M,C57BL/6,RT,SE-EPI,Awake,No,0.046735,0.064004,0.06729
sub-0300102_ses-5_run-3_task-rest_bold_cleaned,300102,5,Awake,,9.4,2500.0,M,C57BL/6,RT,SE-EPI,Awake,No,0.096076,0.109806,0.067411
sub-0300102_ses-5_run-4_task-rest_bold_cleaned,300102,5,Awake,,9.4,2500.0,M,C57BL/6,RT,SE-EPI,Awake,No,0.06083,0.059402,0.030065
sub-0300103_ses-2_run-1_task-rest_bold_cleaned,300103,2,Awake,,9.4,2500.0,M,C57BL/6,RT,SE-EPI,Awake,No,0.051044,0.040306,0.053185
sub-0300103_ses-2_run-2_task-rest_bold_cleaned,300103,2,Awake,,9.4,2500.0,M,C57BL/6,RT,SE-EPI,Awake,No,0.043629,0.049497,0.096093
sub-0300103_ses-2_run-3_task-rest_bold_cleaned,300103,2,Awake,,9.4,2500.0,M,C57BL/6,RT,SE-EPI,Awake,No,0.043466,0.028588,0.074353
sub-0300103_ses-2_run-4_task-rest_bold_cleaned,300103,2,Awake,,9.4,2500.0,M,C57BL/6,RT,SE-EPI,Awake,No,0.066173,0.062664,0.081059
sub-0300103_ses-3_run-1_task-rest_bold_cleaned,300103,3,Awake,,9.4,2500.0,M,C57BL/6,RT,SE-EPI,Awake,No,0.025577,0.002344,0.09452
sub-0300103_ses-3_run-2_task-rest_bold_cleaned,300103,3,Awake,,9.4,2500.0,M,C57BL/6,RT,SE-EPI,Awake,No,0.399325,0.036853,0.069006
sub-0300103_ses-3_run-3_task-rest_bold_cleaned,300103,3,Awake,,9.4,2500.0,M,C57BL/6,RT,SE-EPI,Awake,No,0.039118,0.027436,0.076593
sub-0300103_ses-3_run-4_task-rest_bold_cleaned,300103,3,Awake,,9.4,2500.0,M,C57BL/6,RT,SE-EPI,Awake,No,0.115888,0.040028,0.109001
sub-0300103_ses-4_run-1_task-rest_bold_cleaned,300103,4,Awake,,9.4,2500.0,M,C57BL/6,RT,SE-EPI,Awake,No,0.106518,0.108454,0.179543
sub-0300103_ses-4_run-2_task-rest_bold_cleaned,300103,4,Awake,,9.4,2500.0,M,C57BL/6,RT,SE-EPI,Awake,No,0.052655,0.0077,0.034614
sub-0300103_ses-4_run-3_task-rest_bold_cleaned,300103,4,Awake,,9.4,2500.0,M,C57BL/6,RT,SE-EPI,Awake,No,0.090468,0.015193,0.139329
sub-0300103_ses-4_run-4_task-rest_bold_cleaned,300103,4,Awake,,9.4,2500.0,M,C57BL/6,RT,SE-EPI,Awake,No,0.047843,0.080583,0.025368
sub-0300103_ses-5_run-1_task-rest_bold_cleaned,300103,5,Awake,,9.4,2500.0,M,C57BL/6,RT,SE-EPI,Awake,No,0.055779,0.030052,0.049632
sub-0300103_ses-5_run-2_task-rest_bold_cleaned,300103,5,Awake,,9.4,2500.0,M,C57BL/6,RT,SE-EPI,Awake,No,0.055639,0.018834,0.056025
sub-0300103_ses-5_run-3_task-rest_bold_cleaned,300103,5,Awake,,9.4,2500.0,M,C57BL/6,RT,SE-EPI,Awake,No,0.029911,0.054503,0.043554
sub-0300103_ses-5_run-4_task-rest_bold_cleaned,300103,5,Awake,,9.4,2500.0,M,C57BL/6,RT,SE-EPI,Awake,No,0.061634,0.033068,0.026445
sub-0300103_ses-6_run-1_task-rest_bold_cleaned,300103,6,Awake,,9.4,2500.0,M,C57BL/6,RT,SE-EPI,Awake,No,0.131631,0.102112,0.086006
sub-0300103_ses-6_run-2_task-rest_bold_cleaned,300103,6,Awake,,9.4,2500.0,M,C57BL/6,RT,SE-EPI,Awake,No,0.044566,0.023564,0.04641
sub-0300103_ses-6_run-3_task-rest_bold_cleaned,300103,6,Awake,,9.4,2500.0,M,C57BL/6,RT,SE-EPI,Awake,No,0.063874,0.020599,0.032844
sub-0300103_ses-6_run-4_task-rest_bold_cleaned,300103,6,Awake,,9.4,2500.0,M,C57BL/6,RT,SE-EPI,Awake,No,0.028511,0.037644,0.045978
sub-0300104_ses-2_run-1_task-rest_bold_cleaned,300104,2,Awake,,9.4,2500.0,M,C57BL/6,RT,SE-EPI,Awake,No,0.19259,0.039521,0.116263
sub-0300104_ses-2_run-2_task-rest_bold_cleaned,300104,2,Awake,,9.4,2500.0,M,C57BL/6,RT,SE-EPI,Awake,No,0.084939,0.027908,0.152998
sub-0300104_ses-2_run-3_task-rest_bold_cleaned,300104,2,Awake,,9.4,2500.0,M,C57BL/6,RT,SE-EPI,Awake,No,0.061597,0.057517,0.074377
sub-0300104_ses-2_run-4_task-rest_bold_cleaned,300104,2,Awake,,9.4,2500.0,M,C57BL/6,RT,SE-EPI,Awake,No,0.08124,0.080362,0.08253
sub-0300104_ses-3_run-1_task-rest_bold_cleaned,300104,3,Awake,,9.4,2500.0,M,C57BL/6,RT,SE-EPI,Awake,No,0.04872,0.083144,0.040595
sub-0300104_ses-3_run-2_task-rest_bold_cleaned,300104,3,Awake,,9.4,2500.0,M,C57BL/6,RT,SE-EPI,Awake,No,0.233324,0.106392,0.076484
sub-0300104_ses-3_run-3_task-rest_bold_cleaned,300104,3,Awake,,9.4,2500.0,M,C57BL/6,RT,SE-EPI,Awake,No,0.08172,0.067162,0.077724
sub-0300104_ses-3_run-4_task-rest_bold_cleaned,300104,3,Awake,,9.4,2500.0,M,C57BL/6,RT,SE-EPI,Awake,No,0.071144,0.125063,0.09064
sub-0300104_ses-4_run-1_task-rest_bold_cleaned,300104,4,Awake,,9.4,2500.0,M,C57BL/6,RT,SE-EPI,Awake,No,0.056839,0.056854,0.140095
sub-0300104_ses-4_run-2_task-rest_bold_cleaned,300104,4,Awake,,9.4,2500.0,M,C57BL/6,RT,SE-EPI,Awake,No,0.080798,0.07092,0.027788
sub-0300104_ses-4_run-3_task-rest_bold_cleaned,300104,4,Awake,,9.4,2500.0,M,C57BL/6,RT,SE-EPI,Awake,No,0.047152,0.02787,0.045153
sub-0300104_ses-4_run-4_task-rest_bold_cleaned,300104,4,Awake,,9.4,2500.0,M,C57BL/6,RT,SE-EPI,Awake,No,0.080576,0.039591,0.168983
sub-0300104_ses-5_run-1_task-rest_bold_cleaned,300104,5,Awake,,9.4,2500.0,M,C57BL/6,RT,SE-EPI,Awake,No,0.034748,0.101101,0.036868
sub-0300104_ses-5_run-2_task-rest_bold_cleaned,300104,5,Awake,,9.4,2500.0,M,C57BL/6,RT,SE-EPI,Awake,No,0.09678,0.023359,0.072351
sub-0300104_ses-5_run-3_task-rest_bold_cleaned,300104,5,Awake,,9.4,2500.0,M,C57BL/6,RT,SE-EPI,Awake,No,0.109045,0.049433,0.096711
sub-0300104_ses-5_run-4_task-rest_bold_cleaned,300104,5,Awake,,9.4,2500.0,M,C57BL/6,RT,SE-EPI,Awake,No,0.15864,0.091197,0.114541
sub-0300104_ses-6_run-1_task-rest_bold_cleaned,300104,6,Awake,,9.4,2500.0,M,C57BL/6,RT,SE-EPI,Awake,No,0.164266,0.051099,0.084473
sub-0300104_ses-6_run-2_task-rest_bold_cleaned,300104,6,Awake,,9.4,2500.0,M,C57BL/6,RT,SE-EPI,Awake,No,0.104734,0.064314,0.046793
sub-0300104_ses-6_run-3_task-rest_bold_cleaned,300104,6,Awake,,9.4,2500.0,M,C57BL/6,RT,SE-EPI,Awake,No,0.116275,0.025262,0.029952
sub-0300104_ses-6_run-4_task-rest_bold_cleaned,300104,6,Awake,,9.4,2500.0,M,C57BL/6,RT,SE-EPI,Awake,No,0.080164,0.078708,0.041769
sub-0300105_ses-2_run-1_task-rest_bold_cleaned,300105,2,Awake,,9.4,2500.0,M,C57BL/6,RT,SE-EPI,Awake,No,0.044709,0.022722,0.042177
sub-0300105_ses-2_run-2_task-rest_bold_cleaned,300105,2,Awake,,9.4,2500.0,M,C57BL/6,RT,SE-EPI,Awake,No,0.0885,0.070824,0.086405
sub-0300105_ses-2_run-3_task-rest_bold_cleaned,300105,2,Awake,,9.4,2500.0,M,C57BL/6,RT,SE-EPI,Awake,No,0.026875,0.040756,0.086228
sub-0300105_ses-2_run-4_task-rest_bold_cleaned,300105,2,Awake,,9.4,2500.0,M,C57BL/6,RT,SE-EPI,Awake,No,0.09293,0.109372,0.047849
sub-0300105_ses-3_run-1_task-rest_bold_cleaned,300105,3,Awake,,9.4,2500.0,M,C57BL/6,RT,SE-EPI,Awake,No,0.111013,0.037945,0.117817
sub-0300105_ses-3_run-2_task-rest_bold_cleaned,300105,3,Awake,,9.4,2500.0,M,C57BL/6,RT,SE-EPI,Awake,No,0.124359,0.119955,0.106701
sub-0300105_ses-3_run-3_task-rest_bold_cleaned,300105,3,Awake,,9.4,2500.0,M,C57BL/6,RT,SE-EPI,Awake,No,0.149035,0.063901,0.062418
sub-0300105_ses-3_run-4_task-rest_bold_cleaned,300105,3,Awake,,9.4,2500.0,M,C57BL/6,RT,SE-EPI,Awake,No,0.085195,0.07152,0.078067
sub-0300105_ses-4_run-1_task-rest_bold_cleaned,300105,4,Awake,,9.4,2500.0,M,C57BL/6,RT,SE-EPI,Awake,No,0.199414,0.055218,0.047429
sub-0300105_ses-4_run-2_task-rest_bold_cleaned,300105,4,Awake,,9.4,2500.0,M,C57BL/6,RT,SE-EPI,Awake,No,0.06945,0.095472,0.044952
sub-0300105_ses-4_run-3_task-rest_bold_cleaned,300105,4,Awake,,9.4,2500.0,M,C57BL/6,RT,SE-EPI,Awake,No,0.095434,0.119813,0.072707
sub-0300105_ses-4_run-4_task-rest_bold_cleaned,300105,4,Awake,,9.4,2500.0,M,C57BL/6,RT,SE-EPI,Awake,No,0.09301,0.025759,0.069111
sub-0300105_ses-5_run-1_task-rest_bold_cleaned,300105,5,Awake,,9.4,2500.0,M,C57BL/6,RT,SE-EPI,Awake,No,0.040105,0.047213,0.062684
sub-0300105_ses-5_run-2_task-rest_bold_cleaned,300105,5,Awake,,9.4,2500.0,M,C57BL/6,RT,SE-EPI,Awake,No,0.030287,0.023829,0.067685
sub-0300105_ses-5_run-3_task-rest_bold_cleaned,300105,5,Awake,,9.4,2500.0,M,C57BL/6,RT,SE-EPI,Awake,No,0.066842,0.066778,0.072506
sub-0300105_ses-5_run-4_task-rest_bold_cleaned,300105,5,Awake,,9.4,2500.0,M,C57BL/6,RT,SE-EPI,Awake,No,0.026433,0.012953,0.047076
sub-0300400_ses-1_run-1_task-rest_bold_cleaned,300400,1,Awake,,11.7,1200.0,F,C57BL/6,Cryo,GE-EPI,Awake,No,0.174833,0.087728,0.142888
sub-0300400_ses-1_run-2_task-rest_bold_cleaned,300400,1,Awake,,11.7,1200.0,F,C57BL/6,Cryo,GE-EPI,Awake,No,0.157327,0.066804,0.153824
sub-0300400_ses-1_run-3_task-rest_bold_cleaned,300400,1,Awake,,11.7,1200.0,F,C57BL/6,Cryo,GE-EPI,Awake,No,0.11661,0.105746,0.209287
sub-0300400_ses-2_run-1_task-rest_bold_cleaned,300400,2,Awake,,11.7,1200.0,F,C57BL/6,Cryo,GE-EPI,Awake,No,0.164828,0.170398,0.144308
sub-0300400_ses-2_run-2_task-rest_bold_cleaned,300400,2,Awake,,11.7,1200.0,F,C57BL/6,Cryo,GE-EPI,Awake,No,0.095127,0.086381,0.108723
sub-0300400_ses-2_run-3_task-rest_bold_cleaned,300400,2,Awake,,11.7,1200.0,F,C57BL/6,Cryo,GE-EPI,Awake,No,0.133223,0.123542,0.121263
sub-0300401_ses-1_run-1_task-rest_bold_cleaned,300401,1,Awake,,11.7,1200.0,F,C57BL/6,Cryo,GE-EPI,Awake,No,0.290298,0.213064,0.454485
sub-0300401_ses-1_run-2_task-rest_bold_cleaned,300401,1,Awake,,11.7,1200.0,F,C57BL/6,Cryo,GE-EPI,Awake,No,0.214219,0.238542,0.301422
sub-0300401_ses-1_run-3_task-rest_bold_cleaned,300401,1,Awake,,11.7,1200.0,F,C57BL/6,Cryo,GE-EPI,Awake,No,0.194906,0.200728,0.332677
sub-0300401_ses-2_run-1_task-rest_bold_cleaned,300401,2,Awake,,11.7,1200.0,F,C57BL/6,Cryo,GE-EPI,Awake,No,0.145007,0.087168,0.260513
sub-0300401_ses-2_run-2_task-rest_bold_cleaned,300401,2,Awake,,11.7,1200.0,F,C57BL/6,Cryo,GE-EPI,Awake,No,0.175725,0.12126,0.231004
sub-0300401_ses-2_run-3_task-rest_bold_cleaned,300401,2,Awake,,11.7,1200.0,F,C57BL/6,Cryo,GE-EPI,Awake,No,0.176037,0.086901,0.244194
sub-0300402_ses-1_run-1_task-rest_bold_cleaned,300402,1,Awake,,11.7,1200.0,F,C57BL/6,Cryo,GE-EPI,Awake,No,0.239671,0.107564,0.21226
sub-0300402_ses-1_run-2_task-rest_bold_cleaned,300402,1,Awake,,11.7,1200.0,F,C57BL/6,Cryo,GE-EPI,Awake,No,0.331024,0.193759,0.306288
sub-0300402_ses-1_run-3_task-rest_bold_cleaned,300402,1,Awake,,11.7,1200.0,F,C57BL/6,Cryo,GE-EPI,Awake,No,0.237506,0.127373,0.16005
sub-0300402_ses-2_run-1_task-rest_bold_cleaned,300402,2,Awake,,11.7,1200.0,F,C57BL/6,Cryo,GE-EPI,Awake,No,0.137674,0.081252,0.08794
sub-0300402_ses-2_run-2_task-rest_bold_cleaned,300402,2,Awake,,11.7,1200.0,F,C57BL/6,Cryo,GE-EPI,Awake,No,0.134432,0.084504,0.102016
sub-0300402_ses-2_run-3_task-rest_bold_cleaned,300402,2,Awake,,11.7,1200.0,F,C57BL/6,Cryo,GE-EPI,Awake,No,0.252999,0.130457,0.204154
sub-0300403_ses-1_run-1_task-rest_bold_cleaned,300403,1,Awake,,11.7,1200.0,F,C57BL/6,Cryo,GE-EPI,Awake,No,0.175731,0.097667,0.126499
sub-0300403_ses-1_run-2_task-rest_bold_cleaned,300403,1,Awake,,11.7,1200.0,F,C57BL/6,Cryo,GE-EPI,Awake,No,0.191654,0.125576,0.257656
sub-0300403_ses-1_run-3_task-rest_bold_cleaned,300403,1,Awake,,11.7,1200.0,F,C57BL/6,Cryo,GE-EPI,Awake,No,0.167524,0.13591,0.245796
sub-0300403_ses-2_run-1_task-rest_bold_cleaned,300403,2,Awake,,11.7,1200.0,F,C57BL/6,Cryo,GE-EPI,Awake,No,0.205971,0.202581,0.16634
sub-0300403_ses-2_run-2_task-rest_bold_cleaned,300403,2,Awake,,11.7,1200.0,F,C57BL/6,Cryo,GE-EPI,Awake,No,0.288628,0.136712,0.20551
sub-0300403_ses-2_run-3_task-rest_bold_cleaned,300403,2,Awake,,11.7,1200.0,F,C57BL/6,Cryo,GE-EPI,Awake,No,0.336043,0.096191,0.205375
sub-0300404_ses-1_run-1_task-rest_bold_cleaned,300404,1,Awake,,11.7,1200.0,F,C57BL/6,Cryo,GE-EPI,Awake,No,0.149436,0.075241,0.094626
sub-0300404_ses-1_run-2_task-rest_bold_cleaned,300404,1,Awake,,11.7,1200.0,F,C57BL/6,Cryo,GE-EPI,Awake,No,0.120988,0.093152,0.133739
sub-0300404_ses-1_run-3_task-rest_bold_cleaned,300404,1,Awake,,11.7,1200.0,F,C57BL/6,Cryo,GE-EPI,Awake,No,0.277133,0.188862,0.32821
sub-0300404_ses-2_run-1_task-rest_bold_cleaned,300404,2,Awake,,11.7,1200.0,F,C57BL/6,Cryo,GE-EPI,Awake,No,0.264363,0.130962,0.191661
sub-0300404_ses-2_run-2_task-rest_bold_cleaned,300404,2,Awake,,11.7,1200.0,F,C57BL/6,Cryo,GE-EPI,Awake,No,0.247379,0.196192,0.388389
sub-0300404_ses-2_run-3_task-rest_bold_cleaned,300404,2,Awake,,11.7,1200.0,F,C57BL/6,Cryo,GE-EPI,Awake,No,0.232419,0.168197,0.389069
sub-0300405_ses-1_run-1_task-rest_bold_cleaned,300405,1,Awake,,11.7,1200.0,F,C57BL/6,Cryo,GE-EPI,Awake,No,0.115557,0.055126,0.107245
sub-0300405_ses-1_run-2_task-rest_bold_cleaned,300405,1,Awake,,11.7,1200.0,F,C57BL/6,Cryo,GE-EPI,Awake,No,0.166482,0.112556,0.190963
sub-0300405_ses-1_run-3_task-rest_bold_cleaned,300405,1,Awake,,11.7,1200.0,F,C57BL/6,Cryo,GE-EPI,Awake,No,0.171756,0.095303,0.121232
sub-0300405_ses-2_run-1_task-rest_bold_cleaned,300405,2,Awake,,11.7,1200.0,F,C57BL/6,Cryo,GE-EPI,Awake,No,0.14442,0.106687,0.161272
sub-0300405_ses-2_run-2_task-rest_bold_cleaned,300405,2,Awake,,11.7,1200.0,F,C57BL/6,Cryo,GE-EPI,Awake,No,0.133246,0.063281,0.107113
sub-0300405_ses-2_run-3_task-rest_bold_cleaned,300405,2,Awake,,11.7,1200.0,F,C57BL/6,Cryo,GE-EPI,Awake,No,0.163481,0.068789,0.073826
sub-0300406_ses-1_run-1_task-rest_bold_cleaned,300406,1,Awake,,11.7,1200.0,F,C57BL/6,Cryo,GE-EPI,Awake,No,0.130491,0.056649,0.182214
sub-0300406_ses-1_run-2_task-rest_bold_cleaned,300406,1,Awake,,11.7,1200.0,F,C57BL/6,Cryo,GE-EPI,Awake,No,0.102374,0.054629,0.132358
sub-0300406_ses-1_run-3_task-rest_bold_cleaned,300406,1,Awake,,11.7,1200.0,F,C57BL/6,Cryo,GE-EPI,Awake,No,0.130392,0.092716,0.287654
sub-0300406_ses-2_run-1_task-rest_bold_cleaned,300406,2,Awake,,11.7,1200.0,F,C57BL/6,Cryo,GE-EPI,Awake,No,0.106532,0.137922,0.161039
sub-0300406_ses-2_run-2_task-rest_bold_cleaned,300406,2,Awake,,11.7,1200.0,F,C57BL/6,Cryo,GE-EPI,Awake,No,0.126401,0.091823,0.174114
sub-0300406_ses-2_run-3_task-rest_bold_cleaned,300406,2,Awake,,11.7,1200.0,F,C57BL/6,Cryo,GE-EPI,Awake,No,0.18181,0.187833,0.182323
sub-0300407_ses-1_run-1_task-rest_bold_cleaned,300407,1,Awake,,11.7,1200.0,F,C57BL/6,Cryo,GE-EPI,Awake,No,0.158454,0.153326,0.179988
sub-0300407_ses-1_run-2_task-rest_bold_cleaned,300407,1,Awake,,11.7,1200.0,F,C57BL/6,Cryo,GE-EPI,Awake,No,0.49538,0.245225,0.544884
sub-0300407_ses-1_run-3_task-rest_bold_cleaned,300407,1,Awake,,11.7,1200.0,F,C57BL/6,Cryo,GE-EPI,Awake,No,0.205863,0.104533,0.193264
sub-0300407_ses-2_run-1_task-rest_bold_cleaned,300407,2,Awake,,11.7,1200.0,F,C57BL/6,Cryo,GE-EPI,Awake,No,0.12064,0.060059,0.219478
sub-0300407_ses-2_run-2_task-rest_bold_cleaned,300407,2,Awake,,11.7,1200.0,F,C57BL/6,Cryo,GE-EPI,Awake,No,0.17654,0.080383,0.228053
sub-0300407_ses-2_run-3_task-rest_bold_cleaned,300407,2,Awake,,11.7,1200.0,F,C57BL/6,Cryo,GE-EPI,Awake,No,0.214187,0.230667,0.13576
sub-0300408_ses-1_run-1_task-rest_bold_cleaned,300408,1,Awake,,11.7,1200.0,F,C57BL/6,Cryo,GE-EPI,Awake,No,0.140327,0.080412,0.105438
sub-0300408_ses-1_run-2_task-rest_bold_cleaned,300408,1,Awake,,11.7,1200.0,F,C57BL/6,Cryo,GE-EPI,Awake,No,0.168375,0.124553,0.152096
sub-0300408_ses-1_run-3_task-rest_bold_cleaned,300408,1,Awake,,11.7,1200.0,F,C57BL/6,Cryo,GE-EPI,Awake,No,0.201878,0.193206,0.224179
sub-0300408_ses-2_run-1_task-rest_bold_cleaned,300408,2,Awake,,11.7,1200.0,F,C57BL/6,Cryo,GE-EPI,Awake,No,0.186039,0.075717,0.122818
sub-0300408_ses-2_run-2_task-rest_bold_cleaned,300408,2,Awake,,11.7,1200.0,F,C57BL/6,Cryo,GE-EPI,Awake,No,0.198287,0.203351,0.158436
sub-0300408_ses-2_run-3_task-rest_bold_cleaned,300408,2,Awake,,11.7,1200.0,F,C57BL/6,Cryo,GE-EPI,Awake,No,0.184477,0.088598,0.17387
sub-jgrADc3NT2_ses-1,,1,3xTG,,,,,,RT,,Awake,No,0.028537,0.027137,0.031536
sub-jgrADc4NT_ses-1,,1,3xTG,,,,,,RT,,Awake,No,0.116671,0.057224,0.050238
sub-jgrADc4NT_ses-2,,2,3xTG,,,,,,RT,,Awake,No,0.100537,0.074144,0.056032
sub-jgrADc5NT_ses-1,,1,3xTG,,,,,,RT,,Awake,No,0.091007,0.049059,0.056663
sub-jgrADc5NT_ses-2,,2,3xTG,,,,,,RT,,Awake,No,0.083328,0.047066,0.0514
sub-jgrADc7NT_ses-1,,1,3xTG,,,,,,RT,,Awake,No,0.079169,0.042147,0.053166
sub-jgrADc7NT_ses-2,,2,3xTG,,,,,,RT,,Awake,No,0.068374,0.04712,0.052248
sub-jgrAesAWc11L_ses-1_run-1,,1,Awake_Rest,,,,,,RT,,Awake,No,0.171221,0.102499,0.125861
sub-jgrAesAWc11L_ses-2_run-2,,2,Awake_Rest,,,,,,RT,,Awake,No,0.116639,0.077562,0.1198
sub-jgrAesAWc11L_ses-2_run-3,,2,Awake_Rest,,,,,,RT,,Awake,No,0.139704,0.12664,0.184999
sub-032_ses-1,sub-032,1,Multicenter,7.0,7.0,1700.0,,C57BL/6,Cryo,GE-EPI,Med,No,0.03947,0.023584,0.047779
sub-036_ses-1,sub-036,1,Multicenter,7.0,7.0,1700.0,,C57BL/6,Cryo,GE-EPI,Med,No,0.034551,0.026422,0.039331
sub-038_ses-1,sub-038,1,Multicenter,7.0,7.0,1700.0,,C57BL/6,Cryo,GE-EPI,Med,No,0.02916,0.027521,0.041742
sub-041_ses-1,sub-041,1,Multicenter,7.0,7.0,1700.0,,C57BL/6,Cryo,GE-EPI,Med,No,0.036929,0.027922,0.047246
sub-042_ses-1,sub-042,1,Multicenter,7.0,7.0,1700.0,,C57BL/6,Cryo,GE-EPI,Med,No,0.059669,0.065165,0.132446
sub-043_ses-1,sub-043,1,Multicenter,7.0,7.0,1700.0,,C57BL/6,Cryo,GE-EPI,Med,No,0.038339,0.043947,0.116835
sub-044_ses-1,sub-044,1,Multicenter,7.0,7.0,1700.0,,C57BL/6,Cryo,GE-EPI,Med,No,0.029802,0.038638,0.046036
sub-045_ses-1,sub-045,1,Multicenter,7.0,7.0,1700.0,,C57BL/6,Cryo,GE-EPI,Med,No,0.029984,0.039287,0.064443
sub-061_ses-1,sub-061,1,Multicenter,7.0,9.4,1300.0,,C57BL/6,Cryo,GE-EPI,Med,No,0.087268,0.056684,0.053771
sub-062_ses-1,sub-062,1,Multicenter,7.0,9.4,1300.0,,C57BL/6,Cryo,GE-EPI,Med,No,0.098293,0.091578,0.072266
sub-063_ses-1,sub-063,1,Multicenter,7.0,9.4,1300.0,,C57BL/6,Cryo,GE-EPI,Med,No,0.087363,0.067267,0.061507
sub-064_ses-1,sub-064,1,Multicenter,7.0,9.4,1300.0,,C57BL/6,Cryo,GE-EPI,Med,No,0.082195,0.068201,0.062607
sub-065_ses-1,sub-065,1,Multicenter,7.0,9.4,1300.0,,C57BL/6,Cryo,GE-EPI,Med,No,0.134897,0.066133,0.088623
sub-066_ses-1,sub-066,1,Multicenter,7.0,9.4,1300.0,,C57BL/6,Cryo,GE-EPI,Med,No,0.087072,0.068954,0.077992
sub-067_ses-1,sub-067,1,Multicenter,7.0,9.4,1300.0,,C57BL/6,Cryo,GE-EPI,Med,No,0.113034,0.082762,0.086272
sub-068_ses-1,sub-068,1,Multicenter,7.0,9.4,1300.0,,C57BL/6,Cryo,GE-EPI,Med,No,0.115541,0.066357,0.077646
sub-069_ses-1,sub-069,1,Multicenter,7.0,9.4,1300.0,,C57BL/6,Cryo,GE-EPI,Med,No,0.089541,0.068305,0.07367
sub-070_ses-1,sub-070,1,Multicenter,7.0,9.4,1300.0,,C57BL/6,Cryo,GE-EPI,Med,No,0.08436,0.072974,0.093409
sub-071_ses-1,sub-071,1,Multicenter,7.0,9.4,1300.0,,C57BL/6,Cryo,GE-EPI,Med,No,0.096368,0.070292,0.071818
sub-072_ses-1,sub-072,1,Multicenter,7.0,9.4,1300.0,,C57BL/6,Cryo,GE-EPI,Med,No,0.160201,0.092641,0.100952
sub-073_ses-1,sub-073,1,Multicenter,7.0,9.4,1300.0,,C57BL/6,Cryo,GE-EPI,Med,No,0.142796,0.067029,0.065548
sub-074_ses-1,sub-074,1,Multicenter,7.0,9.4,1300.0,,C57BL/6,Cryo,GE-EPI,Med,No,0.126369,0.073014,0.086552
sub-075_ses-1,sub-075,1,Multicenter,7.0,9.4,1300.0,,C57BL/6,Cryo,GE-EPI,Med,No,0.114182,0.082556,0.070623
sub-076_ses-1,sub-076,1,Multicenter,7.0,9.4,2000.0,,C57BL/6,RT,GE-EPI,Mediso,No,0.063585,0.052781,0.064136
sub-077_ses-1,sub-077,1,Multicenter,7.0,9.4,2000.0,,C57BL/6,RT,GE-EPI,Mediso,No,0.063203,0.057497,0.077209
sub-078_ses-1,sub-078,1,Multicenter,7.0,9.4,2000.0,,C57BL/6,RT,GE-EPI,Mediso,No,0.070122,0.068545,0.090111
sub-079_ses-1,sub-079,1,Multicenter,7.0,9.4,2000.0,,C57BL/6,RT,GE-EPI,Mediso,No,0.067178,0.044415,0.071234
sub-080_ses-1,sub-080,1,Multicenter,7.0,9.4,2000.0,,C57BL/6,RT,GE-EPI,Mediso,No,0.061568,0.07545,0.085575
sub-081_ses-1,sub-081,1,Multicenter,7.0,9.4,2000.0,,C57BL/6,RT,GE-EPI,Mediso,No,0.068811,0.069006,0.091266
sub-082_ses-1,sub-082,1,Multicenter,7.0,9.4,2000.0,,C57BL/6,RT,GE-EPI,Mediso,No,0.068981,0.07828,0.074906
sub-083_ses-1,sub-083,1,Multicenter,7.0,9.4,2000.0,,C57BL/6,RT,GE-EPI,Mediso,No,0.061805,0.063815,0.077125
sub-084_ses-1,sub-084,1,Multicenter,7.0,9.4,2000.0,,C57BL/6,RT,GE-EPI,Mediso,No,0.093931,0.069553,0.10674
sub-085_ses-1,sub-085,1,Multicenter,7.0,9.4,2000.0,,C57BL/6,RT,GE-EPI,Mediso,No,0.07172,0.074359,0.071795
sub-086_ses-1,sub-086,1,Multicenter,7.0,9.4,2000.0,,C57BL/6,RT,GE-EPI,Mediso,No,0.084973,0.086832,0.092907
sub-087_ses-1,sub-087,1,Multicenter,7.0,9.4,2000.0,,C57BL/6,RT,GE-EPI,Mediso,No,0.084211,0.070091,0.078011
sub-088_ses-1,sub-088,1,Multicenter,7.0,9.4,2000.0,,C57BL/6,RT,GE-EPI,Mediso,No,0.04805,0.064423,0.083811
sub-089_ses-1,sub-089,1,Multicenter,7.0,9.4,2000.0,,C57BL/6,RT,GE-EPI,Mediso,No,0.060269,0.042709,0.100771
sub-090_ses-1,sub-090,1,Multicenter,7.0,9.4,2000.0,,C57BL/6,RT,GE-EPI,Mediso,No,0.070352,0.051744,0.093072
sub-121_ses-1,sub-121,1,Multicenter,7.0,4.7,2000.0,,C57BL/6,RT,GE-EPI,Iso,No,0.063313,0.068022,0.157974
sub-122_ses-1,sub-122,1,Multicenter,7.0,4.7,2000.0,,C57BL/6,RT,GE-EPI,Iso,No,0.07334,0.042567,0.077444
sub-123_ses-1,sub-123,1,Multicenter,7.0,4.7,2000.0,,C57BL/6,RT,GE-EPI,Iso,No,0.074005,0.05476,0.068675
sub-124_ses-1,sub-124,1,Multicenter,7.0,4.7,2000.0,,C57BL/6,RT,GE-EPI,Iso,No,0.058174,0.039036,0.067201
sub-125_ses-1,sub-125,1,Multicenter,7.0,4.7,2000.0,,C57BL/6,RT,GE-EPI,Iso,No,0.07812,0.043283,0.075639
sub-126_ses-1,sub-126,1,Multicenter,7.0,4.7,2000.0,,C57BL/6,RT,GE-EPI,Iso,No,0.139983,0.095643,0.119573
sub-127_ses-1,sub-127,1,Multicenter,7.0,4.7,2000.0,,C57BL/6,RT,GE-EPI,Iso,No,0.074423,0.066638,0.084425
sub-128_ses-1,sub-128,1,Multicenter,7.0,4.7,2000.0,,C57BL/6,RT,GE-EPI,Iso,No,0.072273,0.070195,0.09601
sub-129_ses-1,sub-129,1,Multicenter,7.0,4.7,2000.0,,C57BL/6,RT,GE-EPI,Iso,No,0.0606,0.070193,0.068138
sub-130_ses-1,sub-130,1,Multicenter,7.0,4.7,2000.0,,C57BL/6,RT,GE-EPI,Iso,No,0.066824,0.05982,0.077688
sub-131_ses-1,sub-131,1,Multicenter,7.0,4.7,2000.0,,C57BL/6,RT,GE-EPI,Iso,No,0.072071,0.0478,0.068543
sub-133_ses-1,sub-133,1,Multicenter,7.0,4.7,2000.0,,C57BL/6,RT,GE-EPI,Iso,No,0.069311,0.04992,0.068364
sub-134_ses-1,sub-134,1,Multicenter,7.0,4.7,2000.0,,C57BL/6,RT,GE-EPI,Iso,No,0.06813,0.054922,0.098808
sub-135_ses-1,sub-135,1,Multicenter,7.0,4.7,2000.0,,C57BL/6,RT,GE-EPI,Iso,No,0.080305,0.071186,0.134374
sub-151_ses-1,sub-151,1,Multicenter,7.0,9.4,1000.0,,C57BL/6,Cryo,GE-EPI,Iso,No,0.125494,0.047255,0.092451
sub-152_ses-1,sub-152,1,Multicenter,7.0,9.4,1000.0,,C57BL/6,Cryo,GE-EPI,Iso,No,0.236724,0.101848,0.284238
sub-153_ses-1,sub-153,1,Multicenter,7.0,9.4,1000.0,,C57BL/6,Cryo,GE-EPI,Iso,No,0.20035,0.07715,0.109382
sub-154_ses-1,sub-154,1,Multicenter,7.0,9.4,1000.0,,C57BL/6,Cryo,GE-EPI,Iso,No,0.250823,0.099093,0.323754
sub-155_ses-1,sub-155,1,Multicenter,7.0,9.4,1000.0,,C57BL/6,Cryo,GE-EPI,Iso,No,0.119361,0.090175,0.090371
sub-156_ses-1,sub-156,1,Multicenter,7.0,9.4,1000.0,,C57BL/6,Cryo,GE-EPI,Iso,No,0.235477,0.178379,0.20695
sub-157_ses-1,sub-157,1,Multicenter,7.0,9.4,1000.0,,C57BL/6,Cryo,GE-EPI,Iso,No,0.067991,0.04354,0.07273
sub-158_ses-1,sub-158,1,Multicenter,7.0,9.4,1000.0,,C57BL/6,Cryo,GE-EPI,Iso,No,0.085607,0.054701,0.083832
sub-159_ses-1,sub-159,1,Multicenter,7.0,9.4,1000.0,,C57BL/6,Cryo,GE-EPI,Iso,No,0.07245,0.029161,0.046035
sub-160_ses-1,sub-160,1,Multicenter,7.0,9.4,1000.0,,C57BL/6,Cryo,GE-EPI,Iso,No,0.078828,0.04888,0.121938
sub-161_ses-1,sub-161,1,Multicenter,7.0,9.4,1000.0,,C57BL/6,Cryo,GE-EPI,Iso,No,0.105201,0.106026,0.160661
sub-162_ses-1,sub-162,1,Multicenter,7.0,9.4,1000.0,,C57BL/6,Cryo,GE-EPI,Iso,No,0.031955,0.025461,0.053428
sub-163_ses-1,sub-163,1,Multicenter,7.0,9.4,1000.0,,C57BL/6,Cryo,GE-EPI,Iso,No,0.066457,0.036097,0.053594
sub-164_ses-1,sub-164,1,Multicenter,7.0,9.4,1000.0,,C57BL/6,Cryo,GE-EPI,Iso,No,0.051226,0.03308,0.074175
sub-165_ses-1,sub-165,1,Multicenter,7.0,9.4,1000.0,,C57BL/6,Cryo,GE-EPI,Iso,No,0.15725,0.089274,0.177575
sub-166_ses-1,sub-166,1,Multicenter,7.0,7.0,2000.0,,C57BL/6,RT,GE-EPI,Iso,No,0.194488,0.091964,0.172301
sub-167_ses-1,sub-167,1,Multicenter,7.0,7.0,2000.0,,C57BL/6,RT,GE-EPI,Iso,No,0.229737,0.195273,0.152031
sub-168_ses-1,sub-168,1,Multicenter,7.0,7.0,2000.0,,C57BL/6,RT,GE-EPI,Iso,No,0.147628,0.141709,0.169471
sub-169_ses-1,sub-169,1,Multicenter,7.0,7.0,2000.0,,C57BL/6,RT,GE-EPI,Iso,No,0.143194,0.112924,0.20115
sub-171_ses-1,sub-171,1,Multicenter,7.0,7.0,2000.0,,C57BL/6,RT,GE-EPI,Iso,No,0.149787,0.09998,0.167099
sub-172_ses-1,sub-172,1,Multicenter,7.0,7.0,2000.0,,C57BL/6,RT,GE-EPI,Iso,No,0.16106,0.076941,0.135612
sub-174_ses-1,sub-174,1,Multicenter,7.0,7.0,2000.0,,C57BL/6,RT,GE-EPI,Iso,No,0.153629,0.087095,0.158645
sub-175_ses-1,sub-175,1,Multicenter,7.0,7.0,2000.0,,C57BL/6,RT,GE-EPI,Iso,No,0.137373,0.097546,0.143423
sub-176_ses-1,sub-176,1,Multicenter,7.0,7.0,2000.0,,C57BL/6,RT,GE-EPI,Iso,No,0.120899,0.115824,0.188993
sub-177_ses-1,sub-177,1,Multicenter,7.0,7.0,2000.0,,C57BL/6,RT,GE-EPI,Iso,No,0.191758,0.106567,0.245941
sub-178_ses-1,sub-178,1,Multicenter,7.0,7.0,2000.0,,C57BL/6,RT,GE-EPI,Iso,No,0.143131,0.107447,0.149009
sub-180_ses-1,sub-180,1,Multicenter,7.0,7.0,2000.0,,C57BL/6,RT,GE-EPI,Iso,No,0.013157,0.12017,0.256189
sub-181_ses-1,sub-181,1,Multicenter,7.0,7.0,2000.0,,C57BL/6,Cryo,GE-EPI,Med,No,0.030661,0.02969,0.048118
sub-182_ses-1,sub-182,1,Multicenter,7.0,7.0,2000.0,,C57BL/6,Cryo,GE-EPI,Med,No,0.042687,0.030144,0.054834
sub-183_ses-1,sub-183,1,Multicenter,7.0,7.0,2000.0,,C57BL/6,Cryo,GE-EPI,Med,No,0.055243,0.039999,0.061819
sub-184_ses-1,sub-184,1,Multicenter,7.0,7.0,2000.0,,C57BL/6,Cryo,GE-EPI,Med,No,0.03644,0.020762,0.042142
sub-185_ses-1,sub-185,1,Multicenter,7.0,7.0,2000.0,,C57BL/6,Cryo,GE-EPI,Med,No,0.040113,0.027568,0.047722
sub-186_ses-1,sub-186,1,Multicenter,7.0,7.0,2000.0,,C57BL/6,Cryo,GE-EPI,Med,No,0.030986,0.033538,0.037724
sub-187_ses-1,sub-187,1,Multicenter,7.0,7.0,2000.0,,C57BL/6,Cryo,GE-EPI,Med,No,0.034649,0.031067,0.036605
sub-188_ses-1,sub-188,1,Multicenter,7.0,7.0,2000.0,,C57BL/6,Cryo,GE-EPI,Med,No,0.029806,0.031689,0.051111
sub-189_ses-1,sub-189,1,Multicenter,7.0,7.0,2000.0,,C57BL/6,Cryo,GE-EPI,Med,No,0.032873,0.036219,0.046965
sub-190_ses-1,sub-190,1,Multicenter,7.0,7.0,2000.0,,C57BL/6,Cryo,GE-EPI,Med,No,0.043665,0.038357,0.062109
sub-191_ses-1,sub-191,1,Multicenter,7.0,7.0,2000.0,,C57BL/6,Cryo,GE-EPI,Med,No,0.031592,0.028019,0.034188
sub-192_ses-1,sub-192,1,Multicenter,7.0,7.0,2000.0,,C57BL/6,Cryo,GE-EPI,Med,No,0.040411,0.032926,0.041782
sub-193_ses-1,sub-193,1,Multicenter,7.0,7.0,2000.0,,C57BL/6,Cryo,GE-EPI,Med,No,0.029902,0.038684,0.071144
sub-194_ses-1,sub-194,1,Multicenter,7.0,7.0,2000.0,,C57BL/6,Cryo,GE-EPI,Med,No,0.045024,0.042803,0.05242
sub-195_ses-1,sub-195,1,Multicenter,7.0,7.0,2000.0,,C57BL/6,Cryo,GE-EPI,Med,No,0.036885,0.035759,0.053068
sub-196_ses-1,sub-196,1,Multicenter,7.0,7.0,1500.0,,C57BL/6,Cryo,GE-EPI,Awake,No,0.131301,0.089792,0.149792
sub-197_ses-1,sub-197,1,Multicenter,7.0,7.0,1500.0,,C57BL/6,Cryo,GE-EPI,Awake,No,0.134454,0.076645,0.171723
sub-198_ses-1,sub-198,1,Multicenter,7.0,7.0,1500.0,,C57BL/6,Cryo,GE-EPI,Awake,No,0.136929,0.087807,0.179822
sub-199_ses-1,sub-199,1,Multicenter,7.0,7.0,1500.0,,C57BL/6,Cryo,GE-EPI,Awake,No,0.172501,0.103568,0.195455
sub-200_ses-1,sub-200,1,Multicenter,7.0,7.0,1500.0,,C57BL/6,Cryo,GE-EPI,Awake,No,0.149721,0.094999,0.268082
sub-201_ses-1,sub-201,1,Multicenter,7.0,7.0,1500.0,,C57BL/6,Cryo,GE-EPI,Awake,No,0.160475,0.09181,0.188567
sub-202_ses-1,sub-202,1,Multicenter,7.0,7.0,1500.0,,C57BL/6,Cryo,GE-EPI,Awake,No,0.183089,0.098548,0.191574
sub-205_ses-1,sub-205,1,Multicenter,7.0,7.0,1500.0,,C57BL/6,Cryo,GE-EPI,Awake,No,0.140778,0.126158,0.160794
sub-206_ses-1,sub-206,1,Multicenter,7.0,7.0,1500.0,,C57BL/6,Cryo,GE-EPI,Awake,No,0.133805,0.091391,0.16625
sub-207_ses-1,sub-207,1,Multicenter,7.0,7.0,1500.0,,C57BL/6,Cryo,GE-EPI,Awake,No,0.151715,0.168651,0.310606
sub-208_ses-1,sub-208,1,Multicenter,7.0,7.0,1500.0,,C57BL/6,Cryo,GE-EPI,Awake,No,0.099872,0.080963,0.143701
sub-209_ses-1,sub-209,1,Multicenter,7.0,7.0,1500.0,,C57BL/6,Cryo,GE-EPI,Awake,No,0.1417,0.104768,0.131841
sub-210_ses-1,sub-210,1,Multicenter,7.0,7.0,1500.0,,C57BL/6,Cryo,GE-EPI,Awake,No,0.129928,0.078207,0.126337
sub-211_ses-1,sub-211,1,Multicenter,7.0,7.0,1700.0,,C57BL/6,Cryo,GE-EPI,Med,No,0.081875,0.055074,0.106535
sub-212_ses-1,sub-212,1,Multicenter,7.0,7.0,1700.0,,C57BL/6,Cryo,GE-EPI,Med,No,0.069671,0.041285,0.066087
sub-213_ses-1,sub-213,1,Multicenter,7.0,7.0,1700.0,,C57BL/6,Cryo,GE-EPI,Med,No,0.046608,0.040167,0.060791
sub-214_ses-1,sub-214,1,Multicenter,7.0,7.0,1700.0,,C57BL/6,Cryo,GE-EPI,Med,No,0.046011,0.039207,0.064203
sub-215_ses-1,sub-215,1,Multicenter,7.0,7.0,1700.0,,C57BL/6,Cryo,GE-EPI,Med,No,0.044285,0.038971,0.053497
sub-216_ses-1,sub-216,1,Multicenter,7.0,7.0,1700.0,,C57BL/6,Cryo,GE-EPI,Med,No,0.054871,0.038765,0.057942
sub-217_ses-1,sub-217,1,Multicenter,7.0,7.0,1700.0,,C57BL/6,Cryo,GE-EPI,Med,No,0.057673,0.060015,0.079867
sub-218_ses-1,sub-218,1,Multicenter,7.0,7.0,1700.0,,C57BL/6,Cryo,GE-EPI,Med,No,0.066861,0.056059,0.080792
sub-219_ses-1,sub-219,1,Multicenter,7.0,7.0,1700.0,,C57BL/6,Cryo,GE-EPI,Med,No,0.077516,0.049673,0.115837
sub-220_ses-1,sub-220,1,Multicenter,7.0,7.0,1700.0,,C57BL/6,Cryo,GE-EPI,Med,No,0.067481,0.053311,0.096347
sub-221_ses-1,sub-221,1,Multicenter,7.0,7.0,1700.0,,C57BL/6,Cryo,GE-EPI,Med,No,0.059743,0.053718,0.07859
sub-223_ses-1,sub-223,1,Multicenter,7.0,7.0,1700.0,,C57BL/6,Cryo,GE-EPI,Med,No,0.076473,0.068539,0.080628
sub-224_ses-1,sub-224,1,Multicenter,7.0,7.0,1700.0,,C57BL/6,Cryo,GE-EPI,Med,No,0.100164,0.077121,0.143054
sub-225_ses-1,sub-225,1,Multicenter,7.0,7.0,1700.0,,C57BL/6,Cryo,GE-EPI,Med,No,0.049061,0.036346,0.064131
sub-241_ses-1,sub-241,1,Multicenter,7.0,7.0,2000.0,,C57BL/6,RT,GE-EPI,Med,No,0.256283,0.159732,0.280103
sub-242_ses-1,sub-242,1,Multicenter,7.0,7.0,2000.0,,C57BL/6,RT,GE-EPI,Med,No,0.233928,0.156125,0.24865
sub-243_ses-1,sub-243,1,Multicenter,7.0,7.0,2000.0,,C57BL/6,RT,GE-EPI,Med,No,0.252814,0.174182,0.234873
sub-244_ses-1,sub-244,1,Multicenter,7.0,7.0,2000.0,,C57BL/6,RT,GE-EPI,Med,No,0.195127,0.123455,0.224662
sub-245_ses-1,sub-245,1,Multicenter,7.0,7.0,2000.0,,C57BL/6,RT,GE-EPI,Med,No,0.187736,0.152077,0.23319
sub-246_ses-1,sub-246,1,Multicenter,7.0,7.0,2000.0,,C57BL/6,RT,GE-EPI,Med,No,0.205209,0.185007,0.243764
sub-247_ses-1,sub-247,1,Multicenter,7.0,7.0,2000.0,,C57BL/6,RT,GE-EPI,Med,No,0.177393,0.137778,0.209666
sub-248_ses-1,sub-248,1,Multicenter,7.0,7.0,2000.0,,C57BL/6,RT,GE-EPI,Med,No,0.201695,0.127879,0.233224
sub-249_ses-1,sub-249,1,Multicenter,7.0,7.0,2000.0,,C57BL/6,RT,GE-EPI,Med,No,0.213226,0.15105,0.22782
sub-250_ses-1,sub-250,1,Multicenter,7.0,7.0,2000.0,,C57BL/6,RT,GE-EPI,Med,No,0.183151,0.142328,0.194795
sub-251_ses-1,sub-251,1,Multicenter,7.0,7.0,2000.0,,C57BL/6,RT,GE-EPI,Med,No,0.176066,0.149458,0.208452
sub-252_ses-1,sub-252,1,Multicenter,7.0,7.0,2000.0,,C57BL/6,RT,GE-EPI,Med,No,0.189655,0.176015,0.263391
sub-253_ses-1,sub-253,1,Multicenter,7.0,7.0,2000.0,,C57BL/6,RT,GE-EPI,Med,No,0.217921,0.133705,0.264987
sub-254_ses-1,sub-254,1,Multicenter,7.0,7.0,2000.0,,C57BL/6,RT,GE-EPI,Med,No,0.225396,0.168923,0.232973
sub-255_ses-1,sub-255,1,Multicenter,7.0,7.0,2000.0,,C57BL/6,RT,GE-EPI,Med,No,0.191927,0.137641,0.200037
sub-419087_ses-1,sub-419087,1,MPTP,,11.75,1000.0,M,C57BL/6,RT,GE-EPI,Iso,No,0.080261,0.042047,0.085678
sub-420112_ses-1,sub-420112,1,MPTP,,11.75,1000.0,M,C57BL/6,RT,GE-EPI,Iso,No,0.102825,0.037034,0.090985
sub-420115_ses-1,sub-420115,1,MPTP,,11.75,1000.0,M,C57BL/6,RT,GE-EPI,Iso,No,0.057756,0.049372,0.055995
sub-420122_ses-1,sub-420122,1,MPTP,,11.75,1000.0,M,C57BL/6,RT,GE-EPI,Iso,No,0.090271,0.052127,0.055876
sub-420124_ses-1,sub-420124,1,MPTP,,11.75,1000.0,M,C57BL/6,RT,GE-EPI,Iso,No,0.077338,0.056902,0.059761
sub-421521_ses-1,sub-421521,1,MPTP,,11.75,1000.0,M,C57BL/6,RT,GE-EPI,Iso,No,0.092927,0.050505,0.064262
sub-421524_ses-1,sub-421524,1,MPTP,,11.75,1000.0,M,C57BL/6,RT,GE-EPI,Iso,No,0.068727,0.034412,0.049897
sub-421533_ses-1,sub-421533,1,MPTP,,11.75,1000.0,M,C57BL/6,RT,GE-EPI,Iso,No,0.050674,0.074184,0.097316
sub-422721_ses-1,sub-422721,1,MPTP,,11.75,1000.0,M,C57BL/6,RT,GE-EPI,Iso,No,0.061232,0.074423,0.076268
sub-399235_ses-1,sub-399235,1,NDUFS4,21.0,11.75,1000.0,,C57BL/6,RT,GE-EPI,Iso,No,0.110019,0.045103,0.066527
sub-399434_ses-1,sub-399434,1,NDUFS4,21.0,11.75,1000.0,,C57BL/6,RT,GE-EPI,Iso,No,0.043,0.044485,0.072113
sub-399455_ses-1,sub-399455,1,NDUFS4,21.0,11.75,1000.0,,C57BL/6,RT,GE-EPI,Iso,No,0.055843,0.043642,0.088867
sub-399456_ses-1,sub-399456,1,NDUFS4,21.0,11.75,1000.0,,C57BL/6,RT,GE-EPI,Iso,No,0.038593,0.038173,0.08855
sub-401593_ses-1,sub-401593,1,NDUFS4,21.0,11.75,1000.0,,C57BL/6,RT,GE-EPI,Iso,No,0.037215,0.028115,0.070182
sub-401594_ses-1,sub-401594,1,NDUFS4,21.0,11.75,1000.0,,C57BL/6,RT,GE-EPI,Iso,No,0.056914,0.031944,0.073729
sub-401627_ses-1,sub-401627,1,NDUFS4,21.0,11.75,1000.0,,C57BL/6,RT,GE-EPI,Iso,No,0.049399,0.028077,0.061166
sub-401635_ses-1,sub-401635,1,NDUFS4,27.0,11.75,1000.0,,C57BL/6,RT,GE-EPI,Iso,No,0.046162,0.047381,0.064899
sub-405024_ses-1,sub-405024,1,NDUFS4,27.0,11.75,1000.0,,C57BL/6,RT,GE-EPI,Iso,No,0.066842,0.052644,0.078024
sub-405034_ses-1,sub-405034,1,NDUFS4,27.0,11.75,1000.0,,C57BL/6,RT,GE-EPI,Iso,No,0.064051,0.054144,0.080942
sub-405057_ses-1,sub-405057,1,NDUFS4,27.0,11.75,1000.0,,C57BL/6,RT,GE-EPI,Iso,No,0.17695,0.063155,0.11756
sub-405060_ses-1,sub-405060,1,NDUFS4,27.0,11.75,1000.0,,C57BL/6,RT,GE-EPI,Iso,No,0.100986,0.049234,0.084763
sub-405224_ses-1,sub-405224,1,NDUFS4,27.0,11.75,1000.0,,C57BL/6,RT,GE-EPI,Iso,No,0.09883,0.060792,0.109758
sub-406780_ses-1,sub-406780,1,NDUFS4,27.0,11.75,1000.0,,C57BL/6,RT,GE-EPI,Iso,No,0.053685,0.032308,0.050638
sub-406786_ses-1,sub-406786,1,NDUFS4,27.0,11.75,1000.0,,C57BL/6,RT,GE-EPI,Iso,No,0.050429,0.03828,0.085742
sub-406789_ses-1,sub-406789,1,NDUFS4,27.0,11.75,1000.0,,C57BL/6,RT,GE-EPI,Iso,No,0.130121,0.067713,0.120846
sub-406794_ses-1,sub-406794,1,NDUFS4,39.0,11.75,1000.0,,C57BL/6,RT,GE-EPI,Iso,No,0.083397,0.068008,0.108549
sub-406809_ses-1,sub-406809,1,NDUFS4,39.0,11.75,1000.0,,C57BL/6,RT,GE-EPI,Iso,No,0.072495,0.043029,0.142812
sub-407025_ses-1,sub-407025,1,NDUFS4,21.0,11.75,1000.0,,C57BL/6,RT,GE-EPI,Iso,No,0.06756,0.044911,0.074476
sub-407037_ses-1,sub-407037,1,NDUFS4,27.0,11.75,1000.0,,C57BL/6,RT,GE-EPI,Iso,No,0.066578,0.041879,0.124505
sub-407260_ses-1,sub-407260,1,NDUFS4,39.0,11.75,1000.0,,C57BL/6,RT,GE-EPI,Iso,No,0.040006,0.046476,0.096764
sub-407263_ses-1,sub-407263,1,NDUFS4,39.0,11.75,1000.0,,C57BL/6,RT,GE-EPI,Iso,No,0.059177,0.040578,0.060963
sub-407340_ses-1,sub-407340,1,NDUFS4,39.0,11.75,1000.0,,C57BL/6,RT,GE-EPI,Iso,No,0.067905,0.045757,0.084781
sub-407395_ses-1,sub-407395,1,NDUFS4,39.0,11.75,1000.0,,C57BL/6,RT,GE-EPI,Iso,No,0.038158,0.028042,0.083619
sub-410610_ses-1,sub-410610,1,NDUFS4,39.0,11.75,1000.0,,C57BL/6,RT,GE-EPI,Iso,No,0.095828,0.050114,0.123853
sub-410612_ses-1,sub-410612,1,NDUFS4,39.0,11.75,1000.0,,C57BL/6,RT,GE-EPI,Iso,No,0.102433,0.071025,0.11066
sub-410876_ses-1,sub-410876,1,NDUFS4,39.0,11.75,1000.0,,C57BL/6,RT,GE-EPI,Iso,No,0.040737,0.034853,0.092768
sub-411101_ses-1,sub-411101,1,NDUFS4,39.0,11.75,1000.0,,C57BL/6,RT,GE-EPI,Iso,No,0.048227,0.029881,0.072459
sub-02_task-rest,sub-02,1,Propofol,,9.4,2000.0,,C57BL/6,RT,GE-EPI,Propofol,No,0.191507,0.169101,0.257484
sub-10_task-rest,sub-10,1,Propofol,,9.4,2000.0,,C57BL/6,RT,GE-EPI,Propofol,No,0.225343,0.170443,0.27673
