Scan_id	Participant_Id	Session	Dataset_name	Sex	Age(week)	Rodent.strain	MRI	Coil	fMRI.sequence	MRI T.R.	MRI T.E.	Anethesia	Anesthesia amount	Ventilation(v/f)	head-plate	Habituation	FD average	FD maximum	tSNR	Exclude 	Comments 	DR Values
	c1NT	1.0	Mouse_rest_3xTG	M	3.0	C57BL/6	11.75	y	GE-EPI	1000.0	15.0	Mediso	0.1 mg/kg med bolus + 0.5 mg/kg med infusion,0.5% ISO									
	c1NT	2.0	Mouse_rest_3xTG	M	6.0	C57BL/6	11.75	y	GE-EPI	1000.0	15.0	Mediso	0.1 mg/kg med bolus + 0.5 mg/kg med infusion,0.5% ISO									
	c1NT	1.0	Mouse_rest_3xTG	M	3.0	C57BL/6	11.75	y	GE-EPI	1000.0	15.0	Mediso	0.1 mg/kg med bolus + 0.5 mg/kg med infusion,0.5% ISO									
	c1NT	2.0	Mouse_rest_3xTG	M	6.0	C57BL/6	11.75	y	GE-EPI	1000.0	15.0	Mediso	0.1 mg/kg med bolus + 0.5 mg/kg med infusion,0.5% ISO									
	c1NT	1.0	Mouse_rest_3xTG	M	3.0	C57BL/6	11.75	y	GE-EPI	1000.0	15.0	Mediso	0.1 mg/kg med bolus + 0.5 mg/kg med infusion,0.5% ISO									
	c1NT	2.0	Mouse_rest_3xTG	M	6.0	C57BL/6	11.75	y	GE-EPI	1000.0	15.0	Mediso	0.1 mg/kg med bolus + 0.5 mg/kg med infusion,0.5% ISO									
	c41L	1.0	Mouse_rest_3xTG	M	3.0	C57BL/6	11.75	y	GE-EPI	1000.0	15.0	Mediso	0.1 mg/kg med bolus + 0.5 mg/kg med infusion,0.5% ISO									
	c41L	2.0	Mouse_rest_3xTG	M	6.0	C57BL/6	11.75	y	GE-EPI	1000.0	15.0	Mediso	0.1 mg/kg med bolus + 0.5 mg/kg med infusion,0.5% ISO									
	c41R	1.0	Mouse_rest_3xTG	M	3.0	C57BL/6	11.75	y	GE-EPI	1000.0	15.0	Mediso	0.1 mg/kg med bolus + 0.5 mg/kg med infusion,0.5% ISO									
	c41R	2.0	Mouse_rest_3xTG	M	6.0	C57BL/6	11.75	y	GE-EPI	1000.0	15.0	Mediso	0.1 mg/kg med bolus + 0.5 mg/kg med infusion,0.5% ISO									
	c42L	1.0	Mouse_rest_3xTG	M	3.0	C57BL/6	11.75	y	GE-EPI	1000.0	15.0	Mediso	0.1 mg/kg med bolus + 0.5 mg/kg med infusion,0.5% ISO									
	c42L	2.0	Mouse_rest_3xTG	M	6.0	C57BL/6	11.75	y	GE-EPI	1000.0	15.0	Mediso	0.1 mg/kg med bolus + 0.5 mg/kg med infusion,0.5% ISO									
	c42R	1.0	Mouse_rest_3xTG	M	3.0	C57BL/6	11.75	y	GE-EPI	1000.0	15.0	Mediso	0.1 mg/kg med bolus + 0.5 mg/kg med infusion,0.5% ISO									
	c42R	2.0	Mouse_rest_3xTG	M	6.0	C57BL/6	11.75	y	GE-EPI	1000.0	15.0	Mediso	0.1 mg/kg med bolus + 0.5 mg/kg med infusion,0.5% ISO									
	c51L	1.0	Mouse_rest_3xTG	M	3.0	C57BL/6	11.75	y	GE-EPI	1000.0	15.0	Mediso	0.1 mg/kg med bolus + 0.5 mg/kg med infusion,0.5% ISO									
	c51L	2.0	Mouse_rest_3xTG	M	6.0	C57BL/6	11.75	y	GE-EPI	1000.0	15.0	Mediso	0.1 mg/kg med bolus + 0.5 mg/kg med infusion,0.5% ISO									
	c71L	1.0	Mouse_rest_3xTG	M	3.0	C57BL/6	11.75	y	GE-EPI	1000.0	15.0	Mediso	0.1 mg/kg med bolus + 0.5 mg/kg med infusion,0.5% ISO									
	c71L	2.0	Mouse_rest_3xTG	M	6.0	C57BL/6	11.75	y	GE-EPI	1000.0	15.0	Mediso	0.1 mg/kg med bolus + 0.5 mg/kg med infusion,0.5% ISO									
	c71R	1.0	Mouse_rest_3xTG	M	3.0	C57BL/6	11.75	y	GE-EPI	1000.0	15.0	Mediso	0.1 mg/kg med bolus + 0.5 mg/kg med infusion,0.5% ISO									
	c71R	2.0	Mouse_rest_3xTG	M	6.0	C57BL/6	11.75	y	GE-EPI	1000.0	15.0	Mediso	0.1 mg/kg med bolus + 0.5 mg/kg med infusion,0.5% ISO									
