response_vars,EXPV,Kurtosis,MACE,MAPE,MLL,MSLL,R2,RMSE,Rho,Rho_p,SMSE,ShapiroW,Skewness
comp1,0.4452374500438575,1.841184349584844,0.05509243424911411,266146384697.0091,0.6298709762092658,-0.7890675569954066,0.4451164735190486,0.2214836734911875,0.723144145318526,2.625744384763787e-290,0.5548835264809513,0.9760108515270813,0.3916395650387328
comp2,0.28608602511452785,2.459802331107758,0.05023460333435286,0.6810561770414745,0.7990049149560109,-0.6199336182486616,0.2821232301206462,0.1567947591370003,0.5935929700932213,2.8885416096195557e-171,0.7178767698793538,0.9758208663421317,0.43927772524882724
comp3,0.27475121859407214,1.63291285449794,0.049591356710901716,0.8823767143253951,0.9307371116270111,-0.48820142157766133,0.27458172803485914,0.10706097233937195,0.560114745528305,1.0635867093846797e-148,0.7254182719651407,0.9840561708533201,0.2587694077536423
comp4,0.39917229511979324,2.41987816772588,0.051515648583051805,0.7733272564273937,0.7389303197136067,-0.6800082134910664,0.3963686006002686,0.15299416995102222,0.6481158536264522,2.8732172709797727e-214,0.6036313993997314,0.9791253178607927,0.3826646986832901
comp5,0.3273018542343853,2.694423554392775,0.05263002432666445,1.4119597422289716,0.7575386756752037,-0.6613998575294687,0.32423550056899386,0.11242476726812294,0.6313340952544274,4.13220835514206e-200,0.6757644994310061,0.9789288774051431,0.42082263126740865
comp6,0.30393574350826846,3.5706384523723456,0.05378323673532412,0.7162946212333254,0.8376064984494865,-0.5813320347551859,0.30211143030469556,0.10578310984973469,0.6119006086006681,9.038576515938289e-185,0.6978885696953044,0.9761955628007843,0.45552116876706705
comp7,0.45245420426485006,2.50736021563813,0.0673511405676763,0.7678143897442906,0.7163688993327266,-0.702569633871946,0.4473008897814632,0.16576225516140689,0.689111051242437,6.20495961455107e-253,0.5526991102185368,0.9709882387708625,0.4799483296336096
comp8,0.35744918796500524,1.10644614892699,0.06161058216031629,0.7920241108976409,0.8508941359797265,-0.5680443972249462,0.3550145902364583,0.10074874363340969,0.6024399257494346,1.1071409049512136e-177,0.6449854097635417,0.9842583595214753,0.20543874668858375
comp9,0.25111675694447866,1.755566799370329,0.05525767386345712,0.8610646501428363,0.7370610108289983,-0.6818775223756741,0.24756206236814082,0.18115209388623454,0.5763778099394069,2.4579580689013646e-159,0.7524379376318592,0.9786275934943909,0.3794541969511717
comp10,0.323637222573825,1.9311264574363136,0.05117215958511985,0.760262289698307,0.7948353642790437,-0.6241031689256288,0.32004332902633936,0.10305280717947611,0.604976732994083,1.4688026012351433e-179,0.6799566709736607,0.9826425608406749,0.3524591791627437
comp11,0.3400297845384105,1.3716079625360535,0.05235536689599115,1315542365535.7366,0.8459532476140693,-0.5729852855906034,0.336502919214164,0.14359472219603153,0.5922392948209697,2.660417699795425e-170,0.6634970807858359,0.9846799049160256,0.2882407773039534
comp12,0.3681202553201335,1.1154354787482834,0.06172000003475823,0.6441108935355391,0.8346253025465072,-0.5843132306581654,0.36343140679416086,0.12878581407232978,0.6221314858367042,1.0359116594098481e-192,0.6365685932058391,0.9852545315138348,0.25588527645338055
comp13,0.3497703181672135,0.8633789628205917,0.05307929939185227,0.7858138154979922,0.7779004007697303,-0.6410381324349421,0.34949720165356857,0.10226390166142313,0.6003052990519702,4.0812686905350674e-176,0.6505027983464315,0.9906522020373333,0.19625166602812202
comp14,0.3627914512994722,0.7230326753947964,0.06297776911285008,0.8706421408565732,0.8594553851642558,-0.5594831480404167,0.3609823794101753,0.0816965615353106,0.6003853355067443,3.566729838785207e-176,0.6390176205898247,0.9909300411248789,0.18794179881349882
comp15,0.351415260682981,0.9538037944054212,0.058168144115872886,234021594649.46103,0.7466270095753016,-0.6723115236293711,0.3490868438639685,0.135829938553302,0.6117504379240416,1.176228053714214e-184,0.6509131561360315,0.9874504652927019,0.24447042582815567
comp16,0.4808934444464489,0.8915448012735268,0.06453189229158797,0.7471521106777453,0.6496365355274579,-0.7693019976772147,0.4799241832137794,0.13825104048555903,0.7141928118458359,6.027909436338966e-280,0.5200758167862206,0.985580611767651,0.2718702866230145
comp17,0.3676932576751476,0.9259832965409491,0.04760149438042111,4.243312146169388,0.7887019019996327,-0.6302366312050397,0.36368864650300137,0.11505078187812982,0.6075623927069351,1.7221231956448236e-181,0.6363113534969986,0.9882731312505494,0.21165982200864228
comp18,0.29098320369603525,1.9786268516565535,0.04525650369664792,0.9820099990076795,0.6710920847373351,-0.7478464484673374,0.2869726092728798,0.13174417899342233,0.6287327345613133,5.40834961417673e-198,0.7130273907271202,0.9776360002783029,0.4071711230785202
